Player,MSR,MIN,PTS,FGM,FGA,FG%,3PTM,3PA,3P%,FTM,FTA,FT%,OREB,DREB,REB,AST,TOV,STL,BLK,PF,Plus/Minus,Euro Archetype,European Archetype
Kyle Filipowski,18.3486,28.6,29.3,10.7,19.0,0.561,3.0,7.7,39.1,5.0,8.0,0.625,1.3,6.3,7.7,2.3,2.3,0.3,0.7,6.0,5,,TBD
Drew Timme,14.3622,30.5,26.0,11.5,18.5,0.622,1.5,5.0,30.0,1.5,3.0,0.5,1.5,5.5,7.0,2.0,1.0,1.0,0.5,2.5,-6,,TBD
David Jones-Garcia,19.2862,24.3,24.3,9.0,15.3,0.587,4.0,6.3,63.2,2.3,2.7,0.875,1.0,4.3,5.3,4.0,4.0,1.7,0.0,2.7,17,,TBD
Quenton Jackson,19.56,25.8,24.0,8.0,10.0,0.8,1.0,1.0,100.0,7.0,7.0,1.0,0.0,0.0,0.0,3.0,2.0,2.0,0.0,4.0,-1,,TBD
Reed Sheppard,15.0964,30.6,23.0,8.0,22.0,0.364,3.5,11.0,31.8,3.5,5.0,0.7,0.0,5.5,5.5,2.5,4.5,4.0,1.5,3.0,-15,,TBD
Matas Buzelis,14.2479,28.4,22.5,6.0,14.0,0.429,2.0,6.0,33.3,8.5,10.0,0.85,0.0,5.0,5.0,1.0,4.0,1.0,1.5,4.0,-11,,TBD
Terrence Shannon Jr.,16.4524,29.8,22.0,7.0,16.5,0.424,3.5,11.5,30.4,4.5,5.0,0.9,1.0,5.5,6.5,6.0,1.5,1.5,0.0,2.0,9,,TBD
A.J. Lawson,17.3984,22.2,21.5,6.0,10.0,0.6,3.0,5.0,60.0,6.5,9.5,0.684,2.0,3.5,5.5,2.5,1.0,2.0,1.0,1.5,10,,TBD
Kevin McCullar Jr.,11.9734,27.8,21.5,7.5,14.5,0.517,1.0,5.0,20.0,5.5,6.0,0.917,2.0,3.0,5.0,2.0,4.5,1.5,0.0,5.5,-14,,TBD
Ronald Holland II,18.773,28.0,21.5,6.5,12.0,0.542,3.0,5.5,54.5,5.5,8.0,0.688,1.5,4.5,6.0,2.5,2.5,3.0,0.5,3.5,18,,TBD
Kobe Bufkin,15.6714,26.8,21.3,5.7,16.0,0.354,2.0,7.3,27.3,8.0,8.3,0.96,0.3,4.7,5.0,5.0,3.7,1.0,1.0,5.0,7,,TBD
Jordan Miller,15.8582,32.2,21.0,7.0,14.0,0.5,2.0,5.7,35.3,5.0,5.7,0.882,1.7,4.7,6.3,2.3,3.0,1.7,0.3,3.3,6,,TBD
Nae'Qwan Tomlin,17.2672,26.4,21.0,8.3,12.7,0.658,2.7,5.3,50.0,1.7,2.3,0.714,3.3,4.0,7.3,4.0,2.3,2.0,0.7,5.3,12,,TBD
Walter Clayton Jr.,15.7171,27.2,21.0,8.0,17.0,0.471,4.0,10.0,40.0,1.0,2.0,0.5,0.0,6.0,6.0,3.0,2.0,0.0,1.0,6.0,2,,TBD
Cooper Flagg,13.6728,31.4,20.5,7.5,21.0,0.357,1.5,7.0,21.4,4.0,7.0,0.571,0.0,5.0,5.0,2.5,1.5,1.5,0.5,1.5,-3,,TBD
Daniss Jenkins,18.1567,22.2,20.5,7.0,10.5,0.667,3.0,4.5,66.7,3.5,3.5,1.0,0.0,2.5,2.5,4.5,1.0,1.5,1.5,3.0,22,,TBD
Chris Livingston,14.5767,28.7,20.0,7.0,14.0,0.5,2.0,5.3,37.5,4.0,6.0,0.667,1.3,4.0,5.3,2.7,1.7,0.7,0.7,2.7,1,,TBD
Chris Youngblood,18.4703,23.9,20.0,7.0,11.0,0.636,4.0,6.5,61.5,2.0,3.0,0.667,2.0,1.5,3.5,1.5,2.0,1.5,0.0,1.5,31,,TBD
Javon Freeman-Liberty,13.9362,28.5,20.0,5.7,12.7,0.447,1.3,3.7,36.4,7.3,9.0,0.815,1.3,3.0,4.3,2.3,3.0,1.3,0.3,3.0,-5,,TBD
Cole Swider,17.0744,29.8,19.7,6.7,13.7,0.488,4.7,9.7,48.3,1.7,3.0,0.556,1.7,6.7,8.3,1.7,1.7,1.3,0.0,3.0,8,,TBD
Jaylon Tyson,15.9917,29.6,19.7,6.3,15.7,0.404,2.7,7.7,34.8,4.3,5.3,0.813,2.3,3.7,6.0,6.7,4.0,1.3,1.3,4.3,3,,TBD
Tre Johnson,14.0183,27.5,19.5,7.0,12.0,0.583,2.5,5.5,45.5,3.0,5.0,0.6,1.0,2.0,3.0,1.5,2.5,1.0,0.0,1.5,-1,,TBD
KJ Simpson,15.0224,27.9,19.3,6.7,14.7,0.455,2.7,7.3,36.4,3.3,4.3,0.769,1.0,2.7,3.7,5.3,2.7,1.7,0.0,2.3,7,,TBD
Kennedy Chandler,14.1817,28.6,19.0,6.7,16.0,0.417,1.7,4.7,35.7,4.0,6.7,0.6,1.7,1.3,3.0,4.3,2.7,2.0,0.7,3.0,-1,,TBD
Tristan da Silva,13.84,28.1,18.5,7.0,14.0,0.5,2.5,6.5,38.5,2.0,2.5,0.8,1.5,4.5,6.0,3.0,4.5,1.0,1.0,5.0,-9,,TBD
Devin Carter,16.163,24.8,18.3,6.3,13.0,0.487,2.7,5.3,50.0,3.0,4.7,0.643,0.3,4.0,4.3,2.7,2.0,2.7,0.7,2.7,13,,TBD
Nique Clifford,18.2873,25.6,18.3,6.7,11.0,0.606,2.3,3.3,70.0,2.7,4.0,0.667,1.0,5.3,6.3,3.7,3.7,1.7,0.7,4.3,11,,TBD
Adonis Arms,12.5328,26.4,18.0,5.5,11.5,0.478,1.0,5.5,18.2,6.0,8.0,0.75,0.5,4.0,4.5,4.0,1.5,2.0,1.0,1.5,5,,TBD
Caleb Love,14.8578,26.4,18.0,7.0,18.5,0.378,3.5,8.0,43.8,0.5,1.0,0.5,0.0,3.5,3.5,1.5,2.0,0.5,0.5,2.5,7,,TBD
Jaylen Wells,13.2408,25.3,18.0,5.0,13.0,0.385,2.0,6.0,33.3,6.0,6.5,0.923,1.0,4.0,5.0,3.0,2.0,1.5,0.5,4.0,-5,,TBD
Liam McNeeley,15.6296,29.1,18.0,5.5,13.5,0.407,3.0,7.0,42.9,4.0,4.5,0.889,3.0,5.5,8.5,4.0,1.5,0.5,0.0,1.5,3,,TBD
Pelle Larsson,13.0461,29.0,18.0,4.3,10.0,0.433,1.3,4.0,33.3,8.0,9.7,0.828,0.0,2.3,2.3,3.7,4.3,0.7,0.0,2.3,-4,,TBD
Cody Williams,13.5635,32.4,17.7,6.7,16.3,0.408,1.7,7.3,22.7,2.7,3.7,0.727,0.7,4.3,5.0,3.0,2.0,2.3,0.7,3.3,2,,TBD
Ryan Dunn,14.0183,25.7,17.5,6.5,10.0,0.65,2.0,4.0,50.0,2.5,3.0,0.833,2.0,3.5,5.5,2.5,1.0,1.5,0.0,2.5,-1,,TBD
Kel'el Ware,15.8662,28.9,17.3,6.7,12.7,0.526,1.7,2.7,62.5,2.3,3.7,0.636,2.3,7.7,10.0,0.7,1.0,1.3,1.7,3.3,-9,,TBD
Kyshawn George,13.9079,31.5,17.0,7.0,17.0,0.412,2.0,8.5,23.5,1.0,1.5,0.667,1.5,6.5,8.0,4.5,3.5,4.0,0.0,5.0,-4,,TBD
Cam Christie,14.837,32.2,16.7,5.0,12.3,0.405,2.3,6.7,35.0,4.3,5.7,0.765,0.7,4.3,5.0,3.7,2.3,1.7,0.0,1.3,8,,TBD
Ajay Mitchell,16.0986,27.0,16.5,5.0,12.0,0.417,1.5,4.5,33.3,5.0,6.5,0.769,1.0,4.5,5.5,4.5,6.5,1.5,0.5,4.5,20,,TBD
Jamaree Bouyea,13.6348,23.4,16.5,6.5,14.5,0.448,3.5,7.0,50.0,0.0,0.0,0.0,1.0,2.5,3.5,4.0,0.0,2.5,0.5,1.5,-1,,TBD
Jase Richardson,13.9365,23.4,16.5,5.0,9.0,0.556,1.5,3.0,50.0,5.0,5.5,0.909,0.0,1.5,1.5,2.5,1.0,0.5,1.0,4.0,7,,TBD
Judah Mintz,10.8642,27.1,16.5,3.5,10.0,0.35,0.5,2.0,25.0,9.0,13.0,0.692,0.5,2.0,2.5,3.5,0.5,0.5,0.0,3.5,-12,,TBD
Maxime Raynaud,13.3138,27.8,16.5,7.0,13.0,0.538,1.5,4.5,33.3,1.0,1.0,1.0,2.0,3.5,5.5,2.0,0.5,1.0,0.0,4.5,7,,TBD
Enrique Freeman,16.0509,26.8,16.3,4.7,7.3,0.636,1.3,2.3,57.1,5.7,7.3,0.773,3.0,6.3,9.3,1.7,2.0,1.0,2.0,4.0,1,,TBD
Cam Spencer,13.4417,27.0,16.0,5.0,12.0,0.417,2.0,5.0,40.0,4.0,4.0,1.0,1.5,2.0,3.5,3.0,2.5,0.5,0.0,4.0,1,,TBD
Dylan Harper,9.3243,22.1,16.0,5.0,14.0,0.357,0.5,4.0,12.5,5.5,7.0,0.786,0.5,3.5,4.0,2.0,3.5,1.0,0.5,2.5,-12,,TBD
GG Jackson,12.3356,29.0,16.0,5.0,10.0,0.5,1.0,3.0,33.3,5.0,9.0,0.556,1.0,3.0,4.0,2.0,2.0,0.0,0.0,2.0,-3,,TBD
John Tonje,15.8456,23.3,16.0,5.0,9.0,0.556,4.0,7.0,57.1,2.0,4.0,0.5,0.0,3.0,3.0,3.0,0.0,1.0,0.0,5.0,15,,TBD
Patrick Baldwin Jr.,14.0064,26.6,16.0,6.0,16.5,0.364,3.0,10.5,28.6,1.0,2.0,0.5,1.5,8.5,10.0,0.5,3.5,2.0,1.5,4.5,-3,,TBD
RayJ Dennis,12.91,27.7,16.0,5.3,13.3,0.4,2.3,6.0,38.9,3.0,3.3,0.9,0.3,1.7,2.0,6.0,4.0,2.3,0.7,2.0,-7,,TBD
Alex Sarr,12.533,29.6,15.5,6.0,12.5,0.48,0.5,2.5,20.0,3.0,4.0,0.75,2.5,5.5,8.0,2.0,4.0,0.5,5.5,1.5,1,,TBD
Tolu Smith,12.3333,24.6,15.5,5.0,10.0,0.5,0.0,0.0,0.0,5.5,7.5,0.733,6.0,5.5,11.5,3.0,2.5,0.5,1.5,4.5,19,,TBD
Charles Bassey,9.4404,21.3,15.3,6.3,9.0,0.704,0.0,0.0,0.0,2.7,2.7,1.0,4.0,7.0,11.0,0.3,1.7,0.7,2.0,1.7,7,,TBD
Jacob Toppin,13.1634,22.9,15.3,5.7,10.0,0.567,1.3,3.3,40.0,2.7,4.0,0.667,3.0,4.3,7.3,1.3,1.3,0.7,0.0,1.3,6,,TBD
Antonio Reeves,9.2,22.5,15.0,5.5,11.0,0.5,0.5,2.0,25.0,3.5,3.5,1.0,1.5,2.0,3.5,0.0,0.0,2.0,0.0,2.0,-9,,TBD
Gabe Madsen,12.2392,12.6,15.0,5.0,8.0,0.625,4.0,6.5,61.5,1.0,1.5,0.667,1.0,0.0,1.0,0.5,1.5,1.0,0.0,0.0,1,,TBD
Kasparas Jakučionis,12.3929,26.4,15.0,4.5,8.5,0.529,2.5,5.5,45.5,3.5,3.5,1.0,0.0,3.0,3.0,3.0,2.5,1.5,0.0,3.5,-9,,TBD
Rob Dillingham,15.1845,29.8,15.0,5.0,14.5,0.345,2.5,6.0,41.7,2.5,2.5,1.0,0.5,3.0,3.5,7.5,5.5,2.5,0.0,1.5,7,,TBD
Jeremiah Fears,10.4891,27.6,14.5,4.5,16.5,0.273,1.0,5.5,18.2,4.5,5.5,0.818,0.5,1.5,2.0,1.0,5.0,1.0,0.0,6.0,-11,,TBD
Lester Quinones,13.9576,21.5,14.5,5.0,10.5,0.476,4.0,7.0,57.1,0.5,1.0,0.5,0.0,3.5,3.5,2.0,2.0,2.0,0.0,5.5,-1,,TBD
Jordan Walsh,12.4839,20.7,14.3,4.3,10.0,0.433,1.7,4.7,35.7,4.0,5.7,0.706,0.3,3.0,3.3,1.3,1.7,0.7,0.0,3.3,9,,TBD
Pete Nance,12.943,28.0,14.3,5.3,10.3,0.516,2.0,5.3,37.5,1.7,2.3,0.714,1.0,5.3,6.3,2.0,1.3,1.3,2.0,3.3,-1,,TBD
Armando Bacot,9.28,22.8,14.0,5.5,11.0,0.5,0.0,2.0,0.0,3.0,3.0,1.0,3.5,5.5,9.0,2.0,1.5,0.5,2.5,5.5,0,,TBD
Ja'Kobe Walter,12.4995,21.5,14.0,5.0,13.5,0.37,1.5,5.0,30.0,2.5,4.0,0.625,0.5,3.0,3.5,1.0,3.5,1.5,0.5,3.5,10,,TBD
Jack McVeigh,12.7911,21.3,14.0,5.5,9.0,0.611,2.5,5.0,50.0,0.5,0.5,1.0,1.0,3.5,4.5,2.0,1.5,0.5,0.5,1.5,3,,TBD
Kobe Brown,14.2614,20.2,14.0,5.0,7.0,0.714,2.0,3.0,66.7,2.0,2.0,1.0,2.0,2.0,4.0,4.0,3.0,2.0,0.0,1.0,1,,TBD
Sidy Cissoko,13.5024,24.0,14.0,5.5,10.5,0.524,1.5,4.0,37.5,1.5,1.5,1.0,0.5,4.0,4.5,2.5,3.0,2.0,0.5,4.5,12,,TBD
Tidjane Salaün,12.2695,24.4,14.0,4.3,9.7,0.448,1.7,5.0,33.3,3.7,5.7,0.647,1.7,4.0,5.7,1.0,1.7,0.0,0.7,3.0,2,,TBD
Tristan Enaruna,11.7608,20.8,14.0,5.7,8.0,0.708,1.0,2.3,42.9,1.7,3.3,0.5,1.0,1.0,2.0,2.0,0.7,1.0,0.3,0.7,8,,TBD
Dominick Barlow,9.17,22.1,13.5,6.0,10.0,0.6,0.5,2.5,20.0,1.0,1.0,1.0,4.0,3.0,7.0,1.5,1.0,1.5,0.0,2.5,-7,,TBD
Jonathan Mogbo,9.0356,22.9,13.5,6.0,8.5,0.706,0.0,0.0,0.0,1.5,2.0,0.75,2.0,3.5,5.5,1.5,2.5,2.0,0.5,1.0,16,,TBD
Asa Newell,14.4819,25.1,13.3,4.7,9.0,0.519,2.0,4.0,50.0,2.0,4.0,0.5,2.3,6.0,8.3,0.7,0.7,0.7,0.3,3.7,7,,TBD
Baylor Scheierman,13.6413,28.9,13.3,5.0,16.0,0.313,2.0,9.3,21.4,1.3,1.7,0.8,0.7,4.7,5.3,7.0,1.7,2.7,0.0,3.3,11,,TBD
Nikola Đurišić,12.5446,26.5,13.3,4.7,9.3,0.5,0.3,1.0,33.3,3.7,4.3,0.846,0.3,2.7,3.0,4.0,2.0,0.7,0.7,4.3,10,,TBD
Phillip Wheeler,9.683,17.9,13.3,3.3,5.3,0.625,0.3,1.0,33.3,6.3,7.0,0.905,1.7,0.7,2.3,0.3,1.0,0.3,1.3,3.0,-3,,TBD
Bronny James,10.9948,23.1,13.0,4.3,9.7,0.448,1.7,5.3,31.3,2.7,3.3,0.8,1.3,1.3,2.7,3.3,2.7,0.7,0.3,2.0,0,,TBD
James Bouknight,14.0036,21.9,13.0,3.5,5.5,0.636,1.5,3.0,50.0,4.5,4.5,1.0,0.5,5.0,5.5,4.0,2.5,1.5,1.5,0.5,10,,TBD
Kevon Harris,9.3807,22.5,13.0,4.5,9.5,0.474,1.5,5.0,30.0,2.5,3.0,0.833,1.0,1.5,2.5,2.5,1.0,2.5,0.0,2.0,-12,,TBD
Leonard Miller,10.8523,23.4,13.0,5.5,13.0,0.423,1.0,5.5,18.2,1.0,1.0,1.0,1.0,7.0,8.0,0.5,2.5,1.5,2.5,3.5,-1,,TBD
Rayan Rupert,17.07,23.7,13.0,3.0,6.0,0.5,1.5,2.0,75.0,5.5,5.5,1.0,1.5,4.5,6.0,3.5,2.0,2.0,0.0,3.5,11,,TBD
Tosan Evbuomwan,13.18,24.3,13.0,4.0,8.0,0.5,1.0,2.0,50.0,4.0,4.0,1.0,1.0,3.0,4.0,3.0,5.0,1.0,1.0,5.0,-3,,TBD
Tyson Etienne,11.9391,22.9,13.0,4.5,11.5,0.391,4.0,9.5,42.1,0.0,0.0,0.0,1.5,0.5,2.0,2.5,1.5,1.5,0.0,4.0,-2,,TBD
Jaylen Sims,11.8257,20.5,12.7,4.0,6.7,0.6,0.7,1.7,40.0,4.0,4.7,0.857,1.7,2.0,3.7,1.0,1.7,2.0,0.0,1.7,8,,TBD
Noa Essengue,10.0534,24.9,12.7,4.3,10.3,0.419,1.3,5.0,26.7,2.7,4.3,0.615,2.0,3.3,5.3,0.7,3.0,1.3,0.7,2.0,-11,,TBD
Derik Queen,14.6229,26.7,12.5,4.5,10.5,0.429,0.5,1.0,50.0,3.0,5.0,0.6,2.5,9.0,11.5,2.0,4.5,0.5,0.5,5.0,-4,,TBD
Hunter Tyson,11.3788,28.5,12.5,4.5,14.0,0.321,1.5,5.5,27.3,2.0,3.0,0.667,1.0,8.0,9.0,1.0,1.0,1.0,0.0,1.0,-8,,TBD
Nikola Topić,14.5675,25.9,12.5,4.5,12.0,0.375,1.5,3.5,42.9,2.0,2.0,1.0,1.0,1.5,2.5,8.0,3.0,1.5,0.0,3.0,17,,TBD
Isaiah Collier,12.2312,27.1,12.3,4.7,11.3,0.412,1.0,3.3,30.0,2.0,4.0,0.5,0.7,4.0,4.7,8.3,4.0,1.0,0.3,1.7,1,,TBD
Chaz Lanier,12.776,25.1,12.0,4.5,12.5,0.36,3.0,9.0,33.3,0.0,0.0,0.0,0.5,2.0,2.5,3.0,1.0,1.0,0.5,1.5,16,,TBD
Eli John Ndiaye,11.005,20.8,12.0,4.0,8.0,0.5,1.0,4.0,25.0,3.0,4.0,0.75,4.0,2.0,6.0,2.0,0.0,1.0,1.0,3.0,8,,TBD
Jackson Rowe,8.8714,25.0,12.0,5.0,7.0,0.714,1.0,2.0,50.0,1.0,1.0,1.0,0.0,3.0,3.0,1.0,2.0,1.0,0.0,2.0,-29,,TBD
Jazian Gortman,8.5211,18.3,12.0,5.5,9.0,0.611,1.0,3.0,33.3,0.0,0.0,0.0,0.0,2.0,2.0,1.5,1.5,0.0,0.0,0.5,-5,,TBD
Keshad Johnson,10.3542,28.7,12.0,4.3,9.3,0.464,1.0,4.0,25.0,2.3,3.0,0.778,1.7,2.3,4.0,3.7,1.0,1.0,1.3,4.7,-7,,TBD
Koby Brea,11.0524,24.0,12.0,4.7,11.0,0.424,2.0,4.7,42.9,0.7,0.7,1.0,0.3,3.7,4.0,0.7,2.7,0.7,0.0,1.3,-7,,TBD
M.J. Walker Jr.,12.71,19.2,12.0,4.0,10.0,0.4,4.0,8.0,50.0,0.0,0.0,0.0,0.5,2.0,2.5,1.0,0.5,0.5,0.0,2.5,10,,TBD
Pacôme Dadiet,7.8658,21.7,12.0,5.5,12.0,0.458,1.0,4.0,25.0,0.0,0.5,0.0,1.0,2.5,3.5,1.0,2.0,0.0,0.5,2.0,-16,,TBD
Riley Minix,13.2844,26.5,12.0,4.0,9.0,0.444,2.7,5.3,50.0,1.3,1.3,1.0,2.3,3.0,5.3,1.3,1.0,0.7,0.7,4.0,1,,TBD
Wendell Moore Jr.,11.2796,18.6,12.0,4.5,8.5,0.529,1.0,2.0,50.0,2.0,3.0,0.667,1.0,4.0,5.0,0.0,0.5,0.5,0.5,1.5,-3,,TBD
Cormac Ryan,10.2463,21.7,11.7,3.3,9.7,0.345,2.0,6.0,33.3,3.0,3.7,0.818,0.0,0.3,0.3,2.0,2.0,1.3,0.3,2.7,-2,,TBD
Kam Jones,11.7553,25.5,11.7,4.3,8.3,0.52,1.3,3.7,36.4,1.7,2.0,0.833,1.3,2.7,4.0,3.3,3.7,2.0,0.3,3.0,1,,TBD
Miles Kelly,10.41,26.3,11.7,4.0,10.0,0.4,2.0,6.3,31.6,1.7,1.7,1.0,0.7,2.7,3.3,0.7,1.0,1.0,0.3,2.7,-5,,TBD
Brooks Barnhizer,11.6009,26.4,11.5,5.0,10.5,0.476,0.5,3.5,14.3,1.0,3.0,0.333,0.5,5.5,6.0,2.5,1.5,6.5,0.5,1.5,15,,TBD
DaRon Holmes II,11.6,24.9,11.5,4.5,7.5,0.6,2.5,5.0,50.0,0.0,0.0,0.0,1.0,4.0,5.0,0.5,1.0,0.0,0.5,2.5,-5,,TBD
Dalton Knecht,11.354,27.3,11.5,4.5,15.5,0.29,2.0,7.5,26.7,0.5,2.0,0.25,2.0,3.5,5.5,2.0,1.0,1.0,0.0,2.5,-2,,TBD
Tyrell Harrison,8.0343,23.7,11.5,4.5,7.0,0.643,0.0,0.0,0.0,2.5,5.0,0.5,3.0,3.5,6.5,1.0,1.5,1.0,1.0,1.5,6,,TBD
Johnny Furphy,9.1434,22.9,11.3,4.3,8.3,0.52,1.0,4.0,25.0,1.7,2.3,0.714,0.3,3.7,4.0,2.3,2.7,1.0,0.7,2.7,-8,,TBD
Ryan Nembhard,11.6239,29.5,11.3,4.3,10.7,0.406,1.0,3.0,33.3,1.7,2.0,0.833,0.0,2.7,2.7,6.7,3.7,0.7,0.0,3.7,-2,,TBD
Tyrese Proctor,12.1264,27.4,11.3,3.7,12.3,0.297,2.0,6.7,30.0,2.0,3.0,0.667,0.7,2.3,3.0,3.7,1.3,1.3,0.3,2.3,7,,TBD
Alex Toohey,8.4827,23.8,11.0,3.0,10.0,0.3,1.0,4.0,25.0,4.0,5.5,0.727,2.0,2.0,4.0,1.5,1.0,2.5,0.0,2.5,-19,,TBD
Hugo González,12.4636,27.6,11.0,3.5,12.0,0.292,2.0,6.0,33.3,2.0,4.5,0.444,2.5,3.0,5.5,4.0,4.5,0.5,1.0,5.0,-4,,TBD
Isaac Jones,12.1883,24.4,11.0,3.7,6.7,0.55,0.3,1.0,33.3,3.3,4.0,0.833,2.7,4.0,6.7,2.0,2.3,0.7,0.7,2.7,11,,TBD
Khaman Maluach,8.1764,22.4,11.0,4.0,11.0,0.364,0.5,4.0,12.5,2.5,5.0,0.5,1.5,3.5,5.0,0.5,2.5,1.0,1.0,3.0,-10,,TBD
Micah Peavy,10.8456,24.9,11.0,5.0,9.0,0.556,1.0,2.0,50.0,0.0,0.0,0.0,3.0,4.0,7.0,0.0,2.0,2.0,0.0,7.0,-20,,TBD
Norchad Omier,7.4533,19.6,11.0,4.7,9.0,0.519,0.0,0.7,0.0,1.7,2.3,0.714,4.0,4.0,8.0,0.7,3.0,1.3,0.3,5.0,-2,,TBD
Will Richard,8.6633,23.3,11.0,4.0,8.0,0.5,0.5,4.0,12.5,2.5,3.0,0.833,2.0,3.0,5.0,1.5,1.5,3.0,1.0,2.5,-3,,TBD
Zavier Simpson,13.0322,26.6,11.0,4.0,7.7,0.522,1.0,2.7,37.5,2.0,3.3,0.6,1.7,2.0,3.7,5.0,3.0,2.3,1.7,4.0,10,,TBD
Oso Ighodaro,7.6887,28.8,10.7,4.3,8.3,0.52,0.0,0.0,0.0,2.0,3.0,0.667,3.3,6.0,9.3,1.7,3.3,2.3,1.0,2.7,-11,,TBD
Bub Carrington,13.1389,30.4,10.5,3.0,8.0,0.375,2.0,4.5,44.4,2.5,3.5,0.714,0.5,4.0,4.5,4.0,2.5,1.5,0.0,2.5,2,,TBD
Jaden Shackelford,8.9094,22.1,10.5,2.5,8.5,0.294,1.5,7.0,21.4,4.0,5.0,0.8,0.0,2.0,2.0,1.5,0.5,0.0,0.0,2.5,-3,,TBD
Kon Knueppel,12.6833,27.9,10.5,3.0,9.0,0.333,1.5,5.0,30.0,3.0,5.0,0.6,1.0,4.5,5.5,4.0,2.0,1.0,0.5,1.5,11,,TBD
Tamar Bates,7.676,18.3,10.5,4.5,12.5,0.36,0.5,4.5,11.1,1.0,1.0,1.0,1.5,0.0,1.5,2.0,1.5,1.5,0.0,1.5,2,,TBD
Will Riley,11.3733,21.8,10.5,3.5,6.0,0.583,2.0,3.5,57.1,1.5,2.0,0.75,0.0,1.5,1.5,1.5,0.5,0.0,0.0,1.5,-2,,TBD
Javonte Cooke,10.2967,20.1,10.3,3.7,10.0,0.367,2.3,6.3,36.8,0.7,0.7,1.0,0.0,3.0,3.0,1.7,1.3,0.7,0.0,3.0,-2,,TBD
Kenneth Lofton Jr.,13.1086,17.9,10.3,3.0,7.0,0.429,0.3,0.7,50.0,4.0,4.7,0.857,2.7,2.7,5.3,2.3,2.3,0.3,0.3,3.0,13,,TBD
Taelon Peter,8.7665,25.7,10.3,4.3,7.7,0.565,1.0,4.3,23.1,0.7,0.7,1.0,0.3,1.7,2.0,2.0,1.7,1.0,0.3,1.3,-2,,TBD
Boogie Ellis,13.0791,19.4,10.0,3.0,7.7,0.391,2.7,4.3,61.5,1.3,1.3,1.0,1.3,2.0,3.3,3.0,2.3,2.3,0.0,3.0,1,,TBD
Brice Williams,8.1244,13.5,10.0,4.0,9.0,0.444,2.0,6.0,33.3,0.0,0.0,0.0,1.0,1.0,2.0,2.0,1.0,0.0,1.0,1.0,-6,,TBD
DJ Steward,14.0524,25.7,10.0,4.0,12.3,0.324,1.7,3.0,55.6,0.3,0.3,1.0,1.3,3.3,4.7,4.3,2.7,1.7,0.3,1.0,7,,TBD
Dexter Dennis,15.185,20.6,10.0,3.0,4.0,0.75,3.0,3.7,81.8,1.0,1.7,0.6,0.7,1.0,1.7,0.0,0.3,0.3,0.7,2.0,15,,TBD
Egor Dëmin,10.7733,24.9,10.0,3.0,9.0,0.333,3.0,7.5,40.0,1.0,1.0,1.0,1.0,3.0,4.0,2.0,1.5,1.0,0.5,2.0,-8,,TBD
Hansen Yang,11.16,24.8,10.0,3.5,7.5,0.467,0.5,2.5,20.0,2.5,3.0,0.833,1.0,3.5,4.5,4.0,4.0,0.5,2.0,4.5,12,,TBD
Justin Edwards,9.0285,25.5,10.0,3.5,11.0,0.318,2.0,6.0,33.3,1.0,1.5,0.667,0.0,1.5,1.5,1.0,3.0,0.0,0.0,3.5,-15,,TBD
Malevy Leons,14.5143,22.5,10.0,4.5,7.0,0.643,0.5,1.0,50.0,0.5,0.5,1.0,3.0,4.0,7.0,3.0,0.5,1.5,1.0,5.0,22,,TBD
Nolan Traore,9.4375,24.6,10.0,3.0,7.5,0.4,0.5,2.5,20.0,3.5,4.0,0.875,1.0,3.5,4.5,3.0,3.0,0.0,0.0,3.5,-1,,TBD
Spencer Jones,9.5966,24.1,10.0,4.0,7.5,0.533,1.5,4.0,37.5,0.5,1.5,0.333,1.0,3.0,4.0,0.0,1.0,1.5,0.0,5.0,-11,,TBD
Yves Missi,7.4508,25.3,10.0,4.0,10.0,0.4,0.0,0.0,0.0,2.0,6.5,0.308,5.0,7.0,12.0,0.0,0.5,1.0,1.5,2.0,-13,,TBD
Mason Jones,12.36,25.5,9.7,2.7,6.7,0.4,2.0,5.0,40.0,2.3,3.3,0.7,0.3,3.0,3.3,5.7,2.0,0.7,0.0,2.3,8,,TBD
Yuri Collins,6.374,25.4,9.7,3.7,8.3,0.44,0.0,1.0,0.0,2.3,2.3,1.0,0.7,2.3,3.0,5.0,3.0,1.0,0.3,2.3,-8,,TBD
AJ Johnson,5.2733,20.4,9.5,3.5,7.0,0.5,0.0,2.0,0.0,2.5,3.0,0.833,0.5,3.0,3.5,0.5,1.5,0.5,0.0,1.0,-7,,TBD
Cameron McGriff,10.0318,28.2,9.5,3.5,11.0,0.318,2.5,7.5,33.3,0.0,0.0,0.0,1.5,3.5,5.0,2.0,1.5,1.0,0.0,3.0,-13,,TBD
Jamal Shead,12.8409,23.0,9.5,3.0,8.5,0.353,1.0,2.5,40.0,2.5,4.5,0.556,1.5,1.5,3.0,5.0,3.0,2.0,0.0,4.0,13,,TBD
Taran Armstrong,10.5238,25.0,9.5,3.5,8.0,0.438,1.5,4.5,33.3,1.0,1.0,1.0,1.0,4.0,5.0,5.0,3.5,2.0,0.0,1.0,-5,,TBD
Ulrich Chomche,8.1745,21.0,9.5,3.0,5.5,0.545,0.0,0.0,0.0,3.5,5.0,0.7,2.5,2.5,5.0,1.5,0.0,3.0,1.5,2.0,15,,TBD
Kendall Brown,14.2288,14.1,9.3,3.7,5.3,0.688,0.7,0.7,100.0,1.3,1.7,0.8,0.0,1.0,1.0,0.3,0.7,0.7,0.0,1.3,-1,,TBD
Trentyn Flowers,10.8243,23.8,9.3,3.3,7.0,0.476,0.7,3.3,20.0,2.0,3.0,0.667,1.7,3.3,5.0,1.7,3.3,2.0,0.0,2.7,15,,TBD
Alijah Martin,11.1068,19.0,9.0,3.5,9.5,0.368,1.0,4.5,22.2,1.0,1.0,1.0,0.5,2.5,3.0,3.0,2.5,1.5,0.0,1.0,25,,TBD
Cameron Tyson,9.7929,14.8,9.0,3.0,7.0,0.429,3.0,6.5,46.2,0.0,0.0,0.0,0.5,2.0,2.5,2.0,0.0,0.0,0.0,2.0,-1,,TBD
Curtis Jones,10.1629,16.7,9.0,3.0,7.0,0.429,2.0,5.0,40.0,1.0,1.0,1.0,0.0,3.0,3.0,2.5,1.5,0.0,0.5,4.0,1,,TBD
Ethan Thompson,10.005,24.0,9.0,2.0,8.0,0.25,1.5,5.5,27.3,3.5,3.5,1.0,0.5,0.0,0.5,1.0,2.0,0.5,0.5,6.5,3,,TBD
Joan Beringer,8.1745,22.3,9.0,3.5,4.5,0.778,0.0,0.0,0.0,2.0,3.0,0.667,4.0,3.5,7.5,2.0,0.5,1.0,3.5,2.0,12,,TBD
Johni Broome,13.4767,16.3,9.0,3.5,7.5,0.467,2.0,2.5,80.0,0.0,0.0,0.0,3.0,1.0,4.0,1.5,1.0,1.0,0.5,3.5,-2,,TBD
Miles Norris,10.1725,24.3,9.0,3.0,8.0,0.375,1.5,5.5,27.3,1.5,2.0,0.75,1.5,3.5,5.0,1.0,2.0,1.5,1.0,4.0,-1,,TBD
Harrison Ingram,12.3275,24.4,8.7,3.0,8.0,0.375,1.3,3.7,36.4,1.3,1.3,1.0,2.0,7.7,9.7,4.7,1.7,0.3,0.0,2.7,5,,TBD
Lachlan Olbrich,9.9152,27.0,8.7,3.0,6.3,0.474,0.3,1.0,33.3,2.3,3.0,0.778,1.3,4.3,5.7,1.7,2.7,1.0,0.3,3.0,-7,,TBD
Ryan Kalkbrenner,10.119,26.8,8.7,3.3,7.0,0.476,0.3,1.7,20.0,1.7,2.3,0.714,2.3,3.0,5.3,2.3,1.3,0.7,2.3,2.0,9,,TBD
Bobi Klintman,13.715,29.9,8.5,3.0,7.5,0.4,1.0,3.5,28.6,1.5,2.0,0.75,0.5,8.0,8.5,2.5,2.5,1.5,1.0,3.0,23,,TBD
Jamison Battle,8.7962,19.6,8.5,3.0,6.5,0.462,2.0,5.5,36.4,0.5,1.0,0.5,0.5,0.5,1.0,1.0,2.0,0.5,0.0,1.5,-3,,TBD
Noah Penda,11.0144,28.0,8.5,4.0,9.0,0.444,0.5,3.0,16.7,0.0,0.0,0.0,1.0,7.5,8.5,3.0,3.5,2.5,0.5,1.5,12,,TBD
Jermaine Samuels Jr.,7.7517,19.8,8.3,3.0,6.7,0.45,0.3,1.7,20.0,2.0,3.0,0.667,2.0,2.3,4.3,0.0,2.0,0.0,0.3,2.7,-2,,TBD
Chris Ledlum,8.9774,16.9,8.0,3.0,6.3,0.474,1.3,3.3,40.0,0.7,1.3,0.5,1.7,2.3,4.0,0.3,1.7,0.0,2.0,1.0,-5,,TBD
Christian Koloko,9.1956,18.2,8.0,3.0,5.0,0.6,0.3,1.0,33.3,1.7,3.0,0.556,1.3,2.7,4.0,1.0,0.7,1.3,2.3,4.0,0,,TBD
Collin Murray-Boyles,7.99,22.8,8.0,3.0,5.0,0.6,0.0,2.0,0.0,2.0,4.0,0.5,5.0,2.0,7.0,1.0,5.0,3.0,1.0,8.0,0,,TBD
Daniel Batcho,11.69,7.4,8.0,3.0,3.0,1.0,1.0,1.0,100.0,1.0,2.0,0.5,0.0,0.0,0.0,0.0,1.0,0.0,0.0,2.0,-14,,TBD
Erik Stevenson,10.9933,21.2,8.0,2.7,5.0,0.533,2.0,3.7,54.5,0.7,0.7,1.0,1.0,3.0,4.0,1.0,2.3,0.3,0.0,3.3,-5,,TBD
Jacksen Moni,9.825,7.8,8.0,3.0,4.0,0.75,2.0,3.0,66.7,0.0,0.0,0.0,1.0,1.0,2.0,0.0,0.0,0.0,0.0,0.0,-1,,TBD
Jalen Bridges,9.06,17.5,8.0,3.0,6.0,0.5,1.0,3.5,28.6,1.0,2.0,0.5,1.0,2.5,3.5,0.0,0.5,1.5,1.5,1.5,7,,TBD
Javan Johnson,12.65,17.2,8.0,3.0,5.0,0.6,2.0,3.0,66.7,0.0,0.0,0.0,0.0,4.0,4.0,0.0,1.0,0.0,2.0,2.0,8,,TBD
Jules Bernard,4.6973,18.7,8.0,3.0,11.0,0.273,0.0,2.0,0.0,2.0,2.0,1.0,2.0,2.0,4.0,2.0,0.0,0.0,0.0,2.0,-13,,TBD
Keve Aluma,6.92,15.6,8.0,3.5,7.0,0.5,1.0,3.5,28.6,0.0,0.5,0.0,2.0,2.0,4.0,0.0,1.0,1.5,0.5,2.0,-12,,TBD
Nate Williams,8.9467,31.2,8.0,4.0,15.0,0.267,0.0,7.0,0.0,0.0,0.0,0.0,2.0,4.0,6.0,3.0,5.0,1.0,0.0,4.0,-1,,TBD
Adam Flagler,8.5283,18.4,7.7,2.7,8.0,0.333,1.3,4.3,30.8,1.0,1.3,0.75,1.0,0.7,1.7,2.0,1.0,0.7,0.3,1.3,0,,TBD
Jahmir Young,6.3891,21.1,7.7,3.0,7.7,0.391,0.3,2.0,16.7,1.3,1.3,1.0,0.7,1.3,2.0,5.3,2.7,0.7,0.0,0.7,-12,,TBD
Kobe Sanders,9.1474,15.1,7.7,3.0,6.3,0.474,1.0,2.3,42.9,0.7,0.7,1.0,0.3,1.0,1.3,2.0,1.7,0.7,0.0,2.3,1,,TBD
Osayi Osifo,6.9033,19.0,7.7,3.7,5.0,0.733,0.0,0.0,0.0,0.3,0.3,1.0,1.0,3.7,4.7,1.0,0.0,0.3,1.3,4.3,15,,TBD
PJ Hall,9.2213,11.2,7.7,3.0,5.3,0.563,0.7,1.7,40.0,1.0,1.3,0.75,1.3,2.7,4.0,1.0,1.7,0.3,1.0,4.0,3,,TBD
Saliou Niang,8.9601,22.5,7.7,2.3,5.7,0.412,0.3,1.7,20.0,2.7,3.0,0.889,2.7,4.0,6.7,1.3,2.3,0.7,0.0,2.7,2,,TBD
Ariel Hukporti,6.1381,21.2,7.5,2.5,4.5,0.556,0.0,0.0,0.0,2.5,4.0,0.625,4.0,5.0,9.0,1.5,3.0,1.0,2.5,5.0,-13,,TBD
E.J. Liddell,9.4983,23.8,7.5,2.5,7.5,0.333,1.0,3.5,28.6,1.5,2.0,0.75,4.0,5.0,9.0,0.5,3.5,0.0,0.5,3.5,-10,,TBD
Jesse Edwards,4.5357,14.5,7.5,3.0,3.5,0.857,0.0,0.0,0.0,1.5,3.0,0.5,0.5,1.5,2.0,0.5,0.5,0.5,0.5,3.0,2,,TBD
Maozinha Pereira,8.5145,21.1,7.5,3.0,5.5,0.545,1.5,3.0,50.0,0.0,0.0,0.0,0.5,2.0,2.5,1.0,1.5,0.0,0.0,1.5,-16,,TBD
MarJon Beauchamp,4.63,20.9,7.5,3.0,10.0,0.3,0.0,3.5,0.0,1.5,2.5,0.6,0.5,2.5,3.0,1.0,1.0,0.0,1.0,1.5,-14,,TBD
Zakai Zeigler,8.6185,17.8,7.5,2.5,6.5,0.385,1.0,2.5,40.0,1.5,1.5,1.0,0.0,1.0,1.0,1.5,2.5,1.0,0.0,3.0,-6,,TBD
Kira Lewis Jr.,7.9268,25.5,7.3,2.3,6.3,0.368,0.3,2.3,14.3,2.3,3.3,0.7,0.7,3.7,4.3,3.0,2.7,0.3,0.3,2.3,-3,,TBD
Yuki Kawamura,8.6011,22.9,7.3,2.0,6.0,0.333,1.0,4.0,25.0,2.3,3.0,0.778,0.0,1.7,1.7,5.7,3.7,2.3,0.0,4.3,-8,,TBD
Adem Bona,4.6067,19.1,7.0,3.5,7.5,0.467,0.0,0.5,0.0,0.0,0.0,0.0,3.5,2.0,5.5,1.0,3.0,1.5,2.5,3.0,-14,,TBD
Alondes Williams,11.0571,17.3,7.0,2.0,3.5,0.571,2.0,3.0,66.7,1.0,1.0,1.0,0.0,2.5,2.5,2.0,2.0,1.0,0.5,3.0,-8,,TBD
Caleb Grill,7.3685,17.5,7.0,2.5,6.5,0.385,2.0,6.0,33.3,0.0,0.0,0.0,0.0,1.5,1.5,0.5,0.5,1.5,0.0,3.0,-10,,TBD
Coleman Hawkins,10.0,17.1,7.0,3.0,5.0,0.6,1.0,3.0,33.3,0.0,0.0,0.0,2.0,5.0,7.0,4.0,2.0,2.0,0.0,3.0,5,,TBD
Craig Porter Jr.,13.85,6.5,7.0,2.0,2.0,1.0,1.0,1.0,100.0,2.0,2.0,1.0,0.0,1.0,1.0,1.0,0.0,0.0,0.0,1.0,9,,TBD
Darius Bazley,11.5254,26.0,7.0,2.3,4.3,0.538,0.3,1.0,33.3,2.0,6.3,0.316,2.3,6.0,8.3,3.0,2.3,1.0,2.0,3.0,4,,TBD
Elijah Harkless,8.2813,23.8,7.0,1.7,6.3,0.263,0.7,4.0,16.7,3.0,4.0,0.75,1.0,2.0,3.0,1.3,0.7,2.0,0.3,3.3,1,,TBD
Emanuel Miller,6.02,16.8,7.0,2.0,5.0,0.4,0.0,2.0,0.0,3.0,3.0,1.0,0.0,0.0,0.0,1.0,1.0,1.0,1.0,2.0,14,,TBD
Gabe McGlothan,9.78,18.3,7.0,2.5,5.0,0.5,2.0,4.0,50.0,0.0,0.0,0.0,1.5,3.0,4.5,0.0,0.5,0.5,0.0,0.5,-2,,TBD
Hason Ward,4.9775,12.9,7.0,3.5,4.0,0.875,0.0,0.0,0.0,0.0,0.0,0.0,1.5,2.0,3.5,2.0,1.0,0.5,0.5,3.5,7,,TBD
Jaylen Clark,10.075,27.3,7.0,2.5,10.0,0.25,1.0,5.5,18.2,1.0,2.0,0.5,1.0,2.0,3.0,2.0,0.5,2.0,1.0,3.0,11,,TBD
Moses Wood,7.352,20.1,7.0,2.7,8.3,0.32,1.0,5.7,17.6,0.7,1.3,0.5,0.3,3.0,3.3,2.0,1.0,0.3,1.7,1.7,-5,,TBD
Obinna Anochili-Killen,13.66,6.6,7.0,3.0,3.0,1.0,1.0,1.0,100.0,0.0,0.0,0.0,0.0,1.0,1.0,0.0,0.0,0.0,1.0,4.0,7,,TBD
Phlandrous Fleming Jr.,9.0967,16.3,7.0,2.5,6.0,0.417,0.5,2.0,25.0,1.5,2.0,0.75,2.0,4.5,6.5,3.0,1.5,0.5,0.0,1.0,8,,TBD
Rasheer Fleming,6.47,13.9,7.0,3.0,6.0,0.5,1.0,3.0,33.3,0.0,0.0,0.0,0.0,2.0,2.0,0.0,1.0,1.0,1.0,2.0,-12,,TBD
Skal Labissiere,6.1117,16.7,7.0,2.5,6.0,0.417,0.0,1.0,0.0,2.0,2.0,1.0,1.5,2.0,3.5,2.0,1.5,0.0,1.5,4.5,6,,TBD
Tyler Burton,7.1467,16.1,7.0,2.5,6.0,0.417,0.5,3.0,16.7,1.5,2.0,0.75,1.0,3.5,4.5,1.5,1.0,0.5,0.5,0.5,2,,TBD
Vladislav Goldin,5.4304,14.4,7.0,2.5,3.0,0.833,0.0,0.0,0.0,2.0,3.5,0.571,0.5,2.5,3.0,0.5,2.5,0.0,0.0,1.5,10,,TBD
N'Faly Dante,3.9092,15.8,6.7,3.0,4.3,0.692,0.0,0.0,0.0,0.7,1.3,0.5,2.0,1.0,3.0,1.3,0.7,0.7,1.7,3.7,-8,,TBD
Robert Baker,6.4405,13.2,6.7,2.3,5.3,0.438,0.7,2.3,28.6,1.3,2.0,0.667,1.3,2.3,3.7,1.3,0.0,1.0,0.3,1.0,-10,,TBD
Alex Schumacher,10.74,6.4,6.5,2.5,5.0,0.5,1.5,2.0,75.0,0.0,0.0,0.0,0.0,0.5,0.5,1.5,0.5,0.0,0.0,1.0,4,,TBD
Amari Bailey,10.2267,12.2,6.5,2.0,5.0,0.4,0.5,1.0,50.0,2.0,3.0,0.667,1.0,2.0,3.0,2.5,0.5,0.5,0.0,0.5,9,,TBD
Chris Manon,5.5456,16.0,6.5,2.0,5.0,0.4,0.0,1.0,0.0,2.5,4.5,0.556,1.5,2.5,4.0,1.5,2.0,0.5,2.0,3.0,0,,TBD
Dink Pate,8.7386,15.3,6.5,2.0,7.0,0.286,1.0,3.0,33.3,1.5,1.5,1.0,1.5,3.0,4.5,3.0,0.0,0.5,0.0,1.5,1,,TBD
Jamal Cain,6.5,18.0,6.5,3.0,6.0,0.5,0.5,2.5,20.0,0.0,0.0,0.0,1.0,2.0,3.0,0.5,0.0,0.0,0.0,1.5,0,,TBD
Trevor Keels,7.8944,11.6,6.5,2.0,4.5,0.444,1.5,3.5,42.9,1.0,1.0,1.0,0.0,0.0,0.0,0.5,1.0,0.0,0.0,0.5,1,,TBD
Tristen Newton,8.3875,16.4,6.5,2.0,6.5,0.308,1.5,4.0,37.5,1.0,1.5,0.667,0.5,1.0,1.5,2.0,1.0,1.0,0.0,2.0,-3,,TBD
Tyler Kolek,6.1958,28.0,6.5,2.5,12.0,0.208,0.0,5.5,0.0,1.5,2.0,0.75,1.5,2.5,4.0,6.0,4.5,1.0,1.5,2.0,-20,,TBD
Bogoljub Marković,7.0663,15.3,6.3,1.7,4.3,0.385,0.7,2.0,33.3,2.3,3.0,0.778,0.7,0.7,1.3,1.0,1.3,0.3,0.0,2.3,-7,,TBD
Isaiah Crawford,10.4238,17.1,6.3,2.3,5.3,0.438,1.3,3.0,44.4,0.3,0.7,0.5,1.0,2.3,3.3,1.0,1.0,1.7,1.0,1.3,10,,TBD
Maxwell Lewis,6.9694,16.0,6.3,2.0,7.7,0.261,0.7,3.0,22.2,1.7,2.0,0.833,1.3,1.0,2.3,1.7,1.0,0.3,0.7,2.7,-4,,TBD
Daeqwon Plowden,8.5185,12.4,6.0,1.7,4.3,0.385,1.3,3.3,40.0,1.3,1.7,0.8,0.0,2.0,2.0,0.7,0.0,0.0,1.0,0.3,6,,TBD
Denver Jones,5.2922,14.2,6.0,2.0,9.0,0.222,0.0,5.0,0.0,2.0,4.0,0.5,2.0,2.0,4.0,0.0,1.0,1.0,0.0,2.0,-2,,TBD
Jack White,9.54,21.2,6.0,2.0,5.0,0.4,1.0,3.0,33.3,1.0,1.0,1.0,0.0,1.5,1.5,1.5,1.0,2.0,1.5,0.5,11,,TBD
Jordan Hall,7.4121,20.0,6.0,2.7,6.3,0.421,0.7,2.7,25.0,0.0,0.0,0.0,0.7,3.3,4.0,2.0,2.0,1.0,0.3,3.0,-6,,TBD
Keion Brooks Jr.,8.1062,17.0,6.0,1.5,3.5,0.429,0.5,1.5,33.3,2.5,3.0,0.833,2.5,0.5,3.0,0.5,0.5,1.5,0.0,2.5,0,,TBD
Lawson Lovering,5.2183,16.6,6.0,2.5,3.0,0.833,0.0,0.0,0.0,1.0,4.0,0.25,2.5,2.5,5.0,0.5,1.5,0.0,0.5,4.5,1,,TBD
Leaky Black,7.5767,12.6,6.0,1.5,3.0,0.5,1.0,2.5,40.0,2.0,3.0,0.667,0.0,2.5,2.5,1.0,1.5,1.0,0.0,3.5,-9,,TBD
Leopold Delaunay,5.44,16.9,6.0,3.0,6.0,0.5,0.0,2.0,0.0,0.0,0.0,0.0,0.0,7.0,7.0,1.0,2.0,0.0,0.0,2.0,1,,TBD
Max Shulga,7.4956,22.6,6.0,1.7,6.0,0.278,0.3,3.0,11.1,2.3,3.0,0.778,0.0,1.3,1.3,4.3,0.3,1.7,0.3,3.7,5,,TBD
Mohamed Diawara,7.9405,20.2,6.0,2.5,5.5,0.455,0.5,2.0,25.0,0.5,2.0,0.25,1.5,3.5,5.0,1.0,1.0,1.0,0.0,0.5,1,,TBD
Nell Joseph,5.7263,17.3,6.0,3.0,5.3,0.563,0.0,0.3,0.0,0.0,0.7,0.0,2.7,3.7,6.3,2.3,0.7,1.0,1.7,2.7,3,,TBD
RJ Davis,5.3733,12.5,6.0,2.0,6.0,0.333,0.5,3.5,14.3,1.5,2.5,0.6,0.5,0.5,1.0,3.0,1.0,0.5,0.0,2.5,-5,,TBD
Solomon Young,8.4867,4.7,6.0,2.0,3.0,0.667,1.0,2.0,50.0,1.0,2.0,0.5,1.0,0.0,1.0,0.0,0.0,0.0,0.0,0.0,10,,TBD
Wooga Poplar,4.5066,14.9,6.0,1.5,4.5,0.333,0.5,2.5,20.0,2.5,3.0,0.833,0.0,1.0,1.0,0.5,1.0,0.0,0.0,1.0,-16,,TBD
Andre Jackson Jr.,11.33,21.5,5.7,1.7,3.3,0.5,1.0,1.7,60.0,1.3,1.3,1.0,0.7,2.7,3.3,4.0,3.3,0.7,0.3,3.3,-4,,TBD
Isaiah Stevens,9.4875,16.7,5.7,2.0,5.3,0.375,0.7,2.0,33.3,1.0,2.0,0.5,1.3,2.0,3.3,3.0,0.7,1.0,0.0,1.0,13,,TBD
Tyler Smith,6.7902,26.6,5.7,2.0,8.7,0.231,0.3,6.0,5.6,1.3,2.3,0.571,1.0,3.0,4.0,0.0,2.0,0.0,1.3,2.3,-5,,TBD
Amari Williams,4.7733,18.8,5.5,1.5,2.5,0.6,0.0,0.0,0.0,2.5,3.0,0.833,0.5,2.5,3.0,1.5,2.0,0.5,1.0,2.5,-1,,TBD
Caleb Daniels,8.335,11.5,5.5,1.5,2.5,0.6,1.0,2.0,50.0,1.5,2.0,0.75,1.0,2.0,3.0,0.5,0.0,0.5,0.0,2.5,-5,,TBD
Reece Beekman,4.97,19.9,5.5,1.5,5.0,0.3,0.0,0.5,0.0,2.5,2.5,1.0,0.0,1.5,1.5,8.0,2.0,1.5,0.0,0.5,-4,,TBD
Sion James,5.2914,17.8,5.5,2.0,5.5,0.364,0.0,2.5,0.0,1.5,2.0,0.75,1.0,2.5,3.5,3.0,1.0,0.5,0.5,2.0,1,,TBD
Mylik Wilson,6.45,15.3,5.3,2.3,4.7,0.5,0.3,2.0,16.7,0.3,0.3,1.0,1.0,1.7,2.7,2.0,0.7,2.7,0.0,3.0,2,,TBD
Stanley Umude,6.5933,13.5,5.3,2.0,5.0,0.4,1.0,2.7,37.5,0.3,1.0,0.333,0.3,1.3,1.7,0.0,0.3,2.0,0.0,2.3,-11,,TBD
Ben Saraf,4.7044,19.3,5.0,1.5,5.0,0.3,0.0,1.5,0.0,2.0,4.5,0.444,0.5,1.0,1.5,4.0,3.0,0.5,0.0,2.0,-5,,TBD
Boo Buie,6.15,7.3,5.0,1.0,2.5,0.4,0.5,1.5,33.3,2.5,2.5,1.0,0.0,1.5,1.5,0.5,0.5,0.0,0.0,0.0,0,,TBD
Cam Carter,7.6,7.2,5.0,2.0,4.0,0.5,1.0,3.0,33.3,0.0,0.0,0.0,0.0,3.0,3.0,2.0,1.0,0.0,0.0,1.0,10,,TBD
Dain Dainja,2.8033,13.2,5.0,2.0,4.0,0.5,0.0,0.0,0.0,1.0,3.0,0.333,1.0,2.0,3.0,1.0,2.0,0.0,0.0,3.0,-13,,TBD
Dmytro Skapintsev,9.4029,10.1,5.0,1.5,3.5,0.429,1.0,2.0,50.0,1.0,1.0,1.0,1.0,1.0,2.0,1.0,0.5,0.0,1.0,4.0,7,,TBD
Hunter Sallis,5.8943,27.1,5.0,1.5,8.5,0.176,0.0,2.5,0.0,2.0,3.0,0.667,0.0,3.0,3.0,2.5,1.0,1.5,1.0,1.5,-5,,TBD
Kobe Johnson,3.7344,13.9,5.0,2.0,4.5,0.444,0.0,1.0,0.0,1.0,2.0,0.5,1.5,2.0,3.5,0.0,2.5,1.5,0.0,1.0,-5,,TBD
Mark Armstrong,4.2944,7.5,5.0,2.0,4.5,0.444,0.5,2.0,25.0,0.5,1.0,0.5,0.5,0.5,1.0,1.0,1.0,0.5,0.0,0.5,-11,,TBD
Zyon Pullin,8.1933,24.3,5.0,2.0,6.0,0.333,1.0,3.0,33.3,0.0,0.0,0.0,0.0,2.0,2.0,4.0,2.0,0.0,0.0,0.0,-3,,TBD
Max Abmas,5.3233,18.4,4.7,2.0,6.0,0.333,0.7,3.0,22.2,0.0,0.0,0.0,0.0,0.3,0.3,1.0,1.0,1.0,0.0,2.3,-10,,TBD
Moussa Cisse,3.19,15.1,4.7,2.3,4.7,0.5,0.0,0.0,0.0,0.0,0.0,0.0,2.7,1.3,4.0,0.0,0.3,1.0,1.3,2.0,-8,,TBD
DJ Carton,3.8944,15.0,4.5,2.0,4.5,0.444,0.0,2.0,0.0,0.5,1.0,0.5,1.5,3.0,4.5,1.0,1.5,0.5,0.0,1.5,-5,,TBD
Danny Wolf,8.74,23.7,4.5,1.0,5.0,0.2,0.5,2.5,20.0,2.0,2.0,1.0,1.0,7.0,8.0,2.0,3.5,1.5,2.5,3.5,-4,,TBD
Darius Brown,5.09,16.0,4.5,1.0,2.5,0.4,0.0,1.0,0.0,2.5,2.5,1.0,0.0,2.5,2.5,3.5,1.5,1.0,0.0,1.5,7,,TBD
Devone Grant,7.21,10.9,4.5,1.5,5.0,0.3,1.5,3.5,42.9,0.0,0.0,0.0,0.0,0.5,0.5,2.5,1.5,0.5,0.0,1.5,-5,,TBD
Grant Nelson,6.73,12.9,4.5,1.5,2.5,0.6,0.5,1.5,33.3,1.0,1.0,1.0,1.0,1.0,2.0,1.5,1.5,0.0,0.0,3.0,-3,,TBD
Jamir Watkins,3.8583,16.0,4.5,1.0,4.0,0.25,0.0,2.0,0.0,2.5,3.0,0.833,1.0,1.5,2.5,0.5,0.0,2.5,0.0,2.5,-6,,TBD
Ty Brewer,6.4244,11.5,4.5,2.0,4.5,0.444,0.5,1.5,33.3,0.0,1.0,0.0,1.5,1.5,3.0,0.0,1.0,1.0,0.0,1.0,-4,,TBD
Warith Alatishe,4.5867,17.7,4.5,2.0,3.0,0.667,0.0,0.0,0.0,0.5,1.0,0.5,2.5,2.0,4.5,1.0,0.5,0.5,2.5,0.5,2,,TBD
Zhuric Phelps,5.7986,13.5,4.5,2.0,7.0,0.286,0.5,3.0,16.7,0.0,1.5,0.0,0.5,1.0,1.5,2.0,0.5,0.5,1.0,1.0,1,,TBD
Arthur Kaluma,6.9655,12.8,4.3,1.7,3.7,0.455,0.7,1.7,40.0,0.3,0.7,0.5,0.3,1.7,2.0,0.7,0.7,0.0,0.7,2.7,-6,,TBD
Jameer Nelson Jr.,4.1633,11.6,4.3,1.0,3.0,0.333,0.0,1.0,0.0,2.3,2.3,1.0,0.0,0.7,0.7,2.0,1.7,1.0,0.0,0.7,8,,TBD
Kyle Mangas,6.7783,14.5,4.3,1.3,4.0,0.333,0.7,3.3,20.0,1.0,1.3,0.75,0.3,1.3,1.7,1.7,1.0,0.3,0.0,1.0,9,,TBD
Malik Williams,5.0956,9.0,4.3,1.7,3.0,0.556,0.3,1.3,25.0,0.7,1.7,0.4,0.7,1.7,2.3,0.7,0.3,0.3,0.3,1.7,-5,,TBD
Matthew Cleveland,6.4713,14.7,4.3,1.7,5.3,0.313,0.3,1.3,25.0,0.7,0.7,1.0,2.3,1.7,4.0,0.7,1.3,0.0,0.7,1.7,-3,,TBD
Yanic Konan Niederhäuser,5.5129,24.1,4.3,2.0,4.7,0.429,0.0,0.7,0.0,0.3,0.7,0.5,1.0,4.0,5.0,0.0,1.7,2.0,1.7,3.0,-1,,TBD
Aaron Estrada,1.78,11.8,4.0,2.0,4.0,0.5,0.0,0.5,0.0,0.0,0.0,0.0,0.0,0.5,0.5,1.0,1.5,0.0,0.5,0.0,-9,,TBD
Carter Bryant,7.7958,25.3,4.0,1.0,8.0,0.125,0.3,4.0,8.3,1.7,2.0,0.833,0.7,3.3,4.0,1.0,2.7,0.7,2.0,4.0,4,,TBD
Chucky Hepburn,7.5033,14.7,4.0,1.5,4.5,0.333,1.0,4.0,25.0,0.0,0.0,0.0,0.5,1.0,1.5,4.0,1.5,1.5,0.0,4.0,6,,TBD
David Muoka,2.6167,12.6,4.0,1.7,3.3,0.5,0.0,0.0,0.0,0.7,1.0,0.667,1.3,2.0,3.3,0.7,0.7,0.7,0.3,0.7,-8,,TBD
Dawson Garcia,4.0267,13.6,4.0,2.0,3.0,0.667,0.0,1.0,0.0,0.0,0.0,0.0,2.0,3.0,5.0,1.0,2.0,0.0,1.0,6.0,-4,,TBD
Great Osobor,4.4605,12.8,4.0,1.7,3.7,0.455,0.0,0.3,0.0,0.7,2.7,0.25,1.7,3.3,5.0,1.0,1.0,0.7,0.3,2.0,3,,TBD
Hunter Maldonado,5.9655,13.3,4.0,1.7,3.7,0.455,0.7,2.3,28.6,0.0,0.3,0.0,0.7,0.3,1.0,0.7,0.0,1.3,0.3,1.3,-1,,TBD
Jahmai Mashack,6.475,24.5,4.0,2.0,8.0,0.25,0.0,2.0,0.0,0.0,0.0,0.0,1.0,4.0,5.0,4.0,3.0,0.0,2.0,1.0,4,,TBD
Jarkel Joiner,2.95,4.5,4.0,2.0,2.0,1.0,0.0,0.0,0.0,0.0,1.0,0.0,0.0,2.0,2.0,1.0,0.0,0.0,0.0,1.0,9,,TBD
Jaylin Williams,4.1367,18.2,4.0,1.0,6.0,0.167,0.0,1.0,0.0,2.0,2.0,1.0,1.0,4.0,5.0,1.0,1.0,1.0,0.0,0.0,-7,,TBD
Kadin Shedrick,4.38,11.3,4.0,1.0,3.0,0.333,0.0,0.5,0.0,2.0,3.0,0.667,2.0,0.0,2.0,1.0,0.0,1.5,1.0,3.5,7,,TBD
Khalif Battle,6.8908,14.2,4.0,1.0,2.7,0.375,0.3,1.0,33.3,1.7,2.0,0.833,0.3,1.0,1.3,1.0,2.0,0.3,0.3,2.3,-1,,TBD
Matt Cross,8.4467,22.8,4.0,1.0,6.0,0.167,1.0,4.0,25.0,1.0,2.0,0.5,3.0,6.0,9.0,2.0,2.0,0.0,1.0,4.0,-10,,TBD
Quincy Guerrier,2.64,6.4,4.0,1.0,1.0,1.0,0.0,0.0,0.0,2.0,2.0,1.0,0.0,0.0,0.0,0.0,0.0,0.0,0.0,1.0,7,,TBD
William Hickey,1.85,4.5,4.0,0.0,1.0,0.0,0.0,0.0,0.0,4.0,4.0,1.0,2.0,1.0,3.0,0.0,1.0,0.0,0.0,2.0,-9,,TBD
Markquis Nowell,7.2831,18.1,3.7,1.0,4.3,0.231,0.7,3.0,22.2,1.0,1.7,0.6,0.3,1.3,1.7,6.3,1.7,1.0,0.3,1.7,2,,TBD
Taevion Kinsey,7.2714,9.4,3.7,1.7,2.3,0.714,0.3,0.7,50.0,0.0,0.0,0.0,0.3,1.0,1.3,0.0,0.0,1.0,0.0,0.3,0,,TBD
Blake Hinson,3.8054,10.9,3.5,1.0,6.5,0.154,0.5,5.0,10.0,1.0,1.0,1.0,0.0,0.5,0.5,0.5,1.0,0.0,0.5,0.5,-6,,TBD
Chaney Johnson,8.7882,15.4,3.5,1.0,5.5,0.182,0.5,1.5,33.3,1.0,1.0,1.0,1.5,2.5,4.0,0.5,2.0,0.5,0.5,3.5,9,,TBD
Hunter Dickinson,3.8033,12.1,3.5,1.5,2.5,0.6,0.0,0.5,0.0,0.5,1.5,0.333,0.5,2.0,2.5,1.5,1.5,0.5,1.5,2.0,3,,TBD
Isaiah Mobley,6.8881,23.1,3.5,0.5,7.5,0.067,0.0,3.5,0.0,2.5,3.5,0.714,1.0,4.5,5.5,2.5,4.0,0.0,0.5,4.0,2,,TBD
Jake Stephens,7.64,14.5,3.5,1.0,2.5,0.4,1.0,2.5,40.0,0.5,1.0,0.5,1.0,2.0,3.0,1.0,0.5,1.0,0.5,2.0,-2,,TBD
Olivier Nkamhoua,5.9829,12.1,3.5,1.5,3.5,0.429,0.5,1.5,33.3,0.0,0.0,0.0,1.0,0.5,1.5,1.0,1.0,0.0,0.0,0.5,-2,,TBD
Sir'Jabari Rice,5.42,14.7,3.5,1.5,7.5,0.2,0.5,3.5,14.3,0.0,0.5,0.0,1.5,2.0,3.5,0.5,1.5,1.0,1.0,3.0,-6,,TBD
Adama Sanogo,2.78,10.9,3.3,1.3,1.7,0.8,0.0,0.0,0.0,0.7,0.7,1.0,1.7,2.7,4.3,2.3,0.0,0.7,0.7,1.0,-6,,TBD
Aliou Diarra,1.555,1.8,3.0,0.0,0.0,0.0,0.0,0.0,0.0,3.0,4.0,0.75,0.0,0.0,0.0,0.0,0.0,0.0,0.0,0.0,3,,TBD
Andrew Funk,8.03,13.8,3.0,1.0,2.0,0.5,1.0,2.0,50.0,0.0,0.0,0.0,0.0,0.0,0.0,2.0,0.0,0.0,0.0,1.0,4,,TBD
D.J. Rodman,8.72,11.2,3.0,1.0,2.0,0.5,0.5,1.0,50.0,0.5,1.0,0.5,0.5,2.5,3.0,1.5,0.5,0.5,0.0,0.5,7,,TBD
DaJaun Gordon,6.5282,13.3,3.0,1.0,5.5,0.182,1.0,3.0,33.3,0.0,0.0,0.0,2.0,1.5,3.5,0.5,1.0,1.5,0.0,2.0,-7,,TBD
Damion Baugh,3.2958,13.7,3.0,1.3,4.3,0.308,0.0,1.0,0.0,0.3,1.3,0.25,0.3,1.0,1.3,1.3,1.0,1.0,0.3,1.3,0,,TBD
Donovan Williams,4.275,13.0,3.0,1.0,4.0,0.25,0.0,1.0,0.0,1.0,2.0,0.5,2.0,3.0,5.0,1.0,0.0,2.0,3.0,1.0,0,,TBD
Dwight Murray Jr.,2.78,9.8,3.0,1.5,3.0,0.5,0.0,0.0,0.0,0.0,0.0,0.0,0.0,0.5,0.5,2.5,1.0,0.0,0.0,0.5,5,,TBD
Isaiah Wong,5.1973,12.3,3.0,1.0,3.7,0.273,0.3,1.7,20.0,0.7,0.7,1.0,0.0,0.3,0.3,0.7,1.0,0.7,0.0,1.3,3,,TBD
Izan Almansa,0.89,4.4,3.0,1.0,1.0,1.0,0.0,0.0,0.0,1.0,1.0,1.0,0.0,0.5,0.5,0.0,0.5,0.5,0.0,0.5,-7,,TBD
Jalen Crutcher,6.1433,14.6,3.0,1.0,3.0,0.333,1.0,2.5,40.0,0.0,1.0,0.0,0.0,0.0,0.0,2.0,1.5,0.0,0.0,0.5,-9,,TBD
James Nnaji,2.4367,10.2,3.0,0.5,0.5,1.0,0.0,0.0,0.0,2.0,3.0,0.667,0.0,0.5,0.5,0.0,1.0,1.5,0.5,3.5,-4,,TBD
Keyontae Johnson,2.9233,12.4,3.0,1.0,3.0,0.333,0.0,1.0,0.0,1.0,2.0,0.5,1.0,1.0,2.0,2.0,0.0,0.0,0.0,3.0,-4,,TBD
Luka Scuka,2.8278,9.5,3.0,0.5,4.5,0.111,0.0,2.5,0.0,2.0,3.0,0.667,1.0,1.0,2.0,0.5,0.0,0.0,0.0,2.0,-4,,TBD
Nolan Hickman,12.9533,7.2,3.0,1.0,3.0,0.333,1.0,1.0,100.0,0.0,0.0,0.0,0.0,3.0,3.0,0.0,2.0,0.0,0.0,0.0,5,,TBD
R.J. Felton,11.96,3.6,3.0,1.0,1.0,1.0,1.0,1.0,100.0,0.0,0.0,0.0,0.0,0.0,0.0,0.0,0.0,0.0,0.0,1.0,7,,TBD
Rocco Zikarsky,2.325,6.5,3.0,1.5,2.0,0.75,0.0,0.0,0.0,0.0,0.0,0.0,1.0,1.5,2.5,0.5,0.5,0.5,0.5,1.5,1,,TBD
Tyreke Key,12.15,4.5,3.0,1.0,1.0,1.0,1.0,1.0,100.0,0.0,0.0,0.0,0.0,0.0,0.0,0.0,0.0,0.0,0.0,0.0,9,,TBD
CJ Huntley,3.83,14.7,2.7,1.3,3.3,0.4,0.0,1.0,0.0,0.0,0.0,0.0,1.0,2.3,3.3,0.7,1.3,0.7,0.3,2.3,3,,TBD
Dane Goodwin,8.505,13.2,2.7,1.0,1.3,0.75,0.7,1.0,66.7,0.0,0.0,0.0,0.0,0.7,0.7,0.3,0.0,0.3,0.0,1.7,-6,,TBD
Steven Ashworth,3.6833,6.9,2.7,0.7,2.0,0.333,0.3,1.7,20.0,1.0,1.0,1.0,0.0,0.3,0.3,1.3,2.7,0.3,0.0,1.3,-7,,TBD
Chibuzo Agbo,6.9567,5.9,2.5,1.0,1.5,0.667,0.5,1.0,50.0,0.0,0.0,0.0,0.0,0.5,0.5,0.0,0.0,0.0,0.0,0.5,5,,TBD
Colin Castleton,9.0186,12.4,2.5,1.0,3.5,0.286,0.5,1.0,50.0,0.0,0.0,0.0,2.5,2.0,4.5,0.0,2.0,0.5,0.5,2.0,5,,TBD
Sean Pedulla,7.025,11.7,2.5,1.0,4.0,0.25,0.5,1.5,33.3,0.0,0.0,0.0,0.0,2.5,2.5,1.5,0.5,1.0,0.0,1.5,6,,TBD
TJ Bamba,5.3277,15.9,2.5,0.5,6.5,0.077,0.5,3.5,14.3,1.0,2.0,0.5,1.5,1.0,2.5,1.0,0.5,1.0,0.0,2.5,-4,,TBD
Trey Alexander,2.9075,16.2,2.5,0.5,4.0,0.125,0.0,1.0,0.0,1.5,2.0,0.75,0.0,1.0,1.0,1.0,1.5,0.0,0.0,1.0,-5,,TBD
Yudai Baba,1.6867,2.2,2.5,1.0,1.5,0.667,0.0,0.0,0.0,0.5,1.0,0.5,1.0,0.0,1.0,0.0,0.0,0.0,0.0,0.0,5,,TBD
Cam Matthews,4.33,25.9,2.3,1.0,4.0,0.25,0.0,1.0,0.0,0.3,1.3,0.25,1.3,2.7,4.0,1.7,0.7,1.0,0.3,2.3,-7,,TBD
Jamarion Sharp,3.055,17.4,2.3,1.0,1.3,0.75,0.0,0.0,0.0,0.3,0.7,0.5,1.7,2.3,4.0,0.0,1.0,0.3,1.3,1.7,-6,,TBD
John Poulakidas,3.9914,11.8,2.3,1.0,4.7,0.214,0.3,3.3,10.0,0.0,0.3,0.0,0.0,1.0,1.0,1.0,0.0,0.7,0.0,1.3,1,,TBD
Andrew Carr,2.45,10.1,2.0,1.0,2.5,0.4,0.0,1.0,0.0,0.0,0.0,0.0,0.5,2.5,3.0,0.5,0.5,0.0,0.5,1.0,-1,,TBD
Brandon Angel,2.23,7.8,2.0,1.0,2.0,0.5,0.0,1.0,0.0,0.0,0.0,0.0,0.0,1.0,1.0,0.0,0.0,0.5,0.0,1.5,4,,TBD
Christian Shumate,2.77,13.2,2.0,1.0,2.0,0.5,0.0,0.0,0.0,0.0,0.0,0.0,2.0,1.0,3.0,1.0,2.0,1.0,0.0,1.0,-2,,TBD
Clifford Omoruyi,2.5,4.5,2.0,0.0,0.0,0.0,0.0,0.0,0.0,2.0,4.0,0.5,0.0,0.0,0.0,1.0,0.0,0.0,1.0,1.0,9,,TBD
D'Andre Davis,0.69,3.4,2.0,1.0,2.0,0.5,0.0,1.0,0.0,0.0,0.0,0.0,0.0,0.0,0.0,0.0,0.0,0.0,0.0,0.0,-3,,TBD
Erik Reynolds II,0.72,8.3,2.0,1.0,2.5,0.4,0.0,1.5,0.0,0.0,0.5,0.0,0.0,0.0,0.0,0.0,0.5,0.0,0.0,0.5,-10,,TBD
Jabri Abdur-Rahim,1.4767,7.1,2.0,0.0,4.0,0.0,0.0,4.0,0.0,2.0,3.0,0.667,0.0,1.0,1.0,1.0,0.0,0.0,0.0,2.0,-13,,TBD
Jon Elmore,1.45,11.5,2.0,0.0,2.0,0.0,0.0,2.0,0.0,2.0,2.0,1.0,0.0,1.0,1.0,1.0,1.0,0.0,0.0,1.0,-13,,TBD
Jordan Gainey,1.89,5.9,2.0,0.5,0.5,1.0,0.0,0.0,0.0,1.0,1.0,1.0,0.0,1.0,1.0,1.0,0.0,0.5,0.5,0.0,2,,TBD
Josiah-Jordan James,0.945,12.2,2.0,1.0,4.0,0.25,0.0,1.0,0.0,0.0,0.0,0.0,0.0,0.0,0.0,1.0,2.0,1.0,0.0,0.0,-15,,TBD
Kylor Kelley,4.0433,20.6,2.0,1.0,3.0,0.333,0.0,0.0,0.0,0.0,0.0,0.0,1.5,5.0,6.5,0.0,3.5,0.5,0.5,4.0,-8,,TBD
Landers Nolley II,0.78,5.8,2.0,0.0,0.0,0.0,0.0,0.0,0.0,2.0,2.0,1.0,0.0,0.0,0.0,2.0,0.0,0.0,0.0,0.0,-7,,TBD
Marques Bolden,0.9,9.0,2.0,0.0,3.0,0.0,0.0,2.0,0.0,2.0,2.0,1.0,1.0,0.0,1.0,0.0,0.0,0.0,1.0,1.0,-16,,TBD
Moses Brown,2.0967,4.9,2.0,0.3,0.7,0.5,0.0,0.0,0.0,1.3,2.0,0.667,1.7,2.0,3.7,0.3,0.3,0.3,0.0,1.3,-1,,TBD
Saint Thomas,0.49,4.4,2.0,1.0,2.0,0.5,0.0,0.5,0.0,0.0,0.0,0.0,0.5,0.5,1.0,0.0,0.0,0.0,0.0,0.5,-8,,TBD
Zack Austin,1.32,10.2,2.0,0.0,2.0,0.0,0.0,2.0,0.0,2.0,2.0,1.0,0.0,0.0,0.0,0.0,0.0,1.0,0.0,0.0,-9,,TBD
Dylan Cardwell,3.34,11.4,1.7,0.7,1.3,0.5,0.0,0.0,0.0,0.3,0.7,0.5,1.0,2.3,3.3,0.3,1.0,0.0,0.7,1.7,6,,TBD
Jahmyl Telfort,12.53,9.7,1.7,0.7,0.7,1.0,0.3,0.3,100.0,0.0,0.0,0.0,0.3,1.3,1.7,1.0,0.3,0.3,0.0,1.0,5,,TBD
Anton Watson,3.915,6.9,1.5,0.5,2.0,0.25,0.5,2.0,25.0,0.0,0.0,0.0,1.5,0.5,2.0,1.0,0.5,0.0,0.0,1.0,-6,,TBD
Biwali Bayles,6.53,2.8,1.5,0.5,1.0,0.5,0.5,1.0,50.0,0.0,0.0,0.0,0.0,0.0,0.0,0.5,0.0,0.5,0.5,1.0,5,,TBD
Justin McKoy,1.875,5.5,1.5,0.0,1.5,0.0,0.0,1.0,0.0,1.5,2.0,0.75,0.0,0.5,0.5,0.0,0.0,0.5,0.0,0.5,3,,TBD
Miller Kopp,3.42,11.0,1.5,0.5,2.5,0.2,0.5,2.5,20.0,0.0,0.0,0.0,0.0,0.0,0.0,0.0,0.0,0.0,0.0,2.5,-7,,TBD
Nate Hinton,4.51,11.5,1.5,0.5,5.0,0.1,0.5,2.5,20.0,0.0,0.0,0.0,1.0,2.0,3.0,0.0,0.0,0.5,0.5,3.5,-7,,TBD
Ibrahima Diallo,3.3033,7.9,1.3,0.3,1.0,0.333,0.0,0.0,0.0,0.7,1.3,0.5,0.7,3.0,3.7,1.0,1.3,0.0,1.0,1.0,8,,TBD
Chase Hunter,3.1811,12.2,1.0,0.5,4.5,0.111,0.0,2.0,0.0,0.0,0.0,0.0,0.5,2.0,2.5,1.0,2.5,0.5,0.0,1.5,1,,TBD
Jeremy Jones,3.0225,13.1,1.0,0.5,4.0,0.125,0.0,3.0,0.0,0.0,0.0,0.0,0.5,1.0,1.5,0.5,0.5,0.5,0.0,0.0,4,,TBD
John Ukomadu,4.2,15.5,1.0,0.0,4.0,0.0,0.0,3.0,0.0,1.0,2.0,0.5,1.0,1.0,2.0,0.0,1.0,0.0,1.0,5.0,4,,TBD
Julian Reese,1.82,7.7,1.0,0.0,1.0,0.0,0.0,0.0,0.0,1.0,2.0,0.5,1.0,1.0,2.0,1.0,2.0,0.0,0.0,2.0,-4,,TBD
Marcus Williams,3.3425,13.8,1.0,0.5,4.0,0.125,0.0,2.0,0.0,0.0,0.0,0.0,0.5,1.5,2.0,2.5,2.0,0.5,1.5,1.5,0,,TBD
Selton Miguel,0.9733,4.9,1.0,0.5,1.5,0.333,0.0,0.5,0.0,0.0,0.0,0.0,0.0,1.5,1.5,0.0,0.5,0.0,0.0,0.5,-3,,TBD
Stefan Todorovic,0.82,6.7,1.0,0.0,2.0,0.0,0.0,0.0,0.0,1.0,2.0,0.5,0.0,1.0,1.0,0.0,1.0,0.0,0.0,0.0,-8,,TBD
Trey Jemison III,2.4,10.5,1.0,0.5,0.5,1.0,0.0,0.0,0.0,0.0,0.0,0.0,0.5,1.5,2.0,1.0,1.5,0.5,0.0,1.5,2,,TBD
Aaron Scott,0.43,5.3,0.0,0.0,3.0,0.0,0.0,3.0,0.0,0.0,0.0,0.0,0.0,0.0,0.0,0.0,1.0,1.0,0.0,0.0,-9,,TBD
Ben Gregg,-0.31,1.9,0.0,0.0,0.0,0.0,0.0,0.0,0.0,0.0,0.0,0.0,1.0,0.0,1.0,0.0,0.0,0.0,0.0,0.0,-7,,TBD
Buddy Boeheim,0.95,8.5,0.0,0.0,3.5,0.0,0.0,3.5,0.0,0.0,0.0,0.0,0.0,0.5,0.5,0.5,0.0,0.0,0.0,0.5,-8,,TBD
Cameron Brown,0.9,13.0,0.0,0.0,1.0,0.0,0.0,0.5,0.0,0.0,0.0,0.0,0.0,2.0,2.0,0.5,0.0,1.0,0.5,1.5,-13,,TBD
Cesare Edwards,0.72,4.2,0.0,0.0,1.0,0.0,0.0,1.0,0.0,0.0,0.0,0.0,0.0,1.0,1.0,1.0,0.0,0.0,1.0,1.0,-4,,TBD
Dajuan Harris Jr.,0.34,3.4,0.0,0.0,0.0,0.0,0.0,0.0,0.0,0.0,0.0,0.0,0.0,1.0,1.0,0.0,0.0,0.0,1.0,0.0,-3,,TBD
Dillon Jones,1.07,8.7,0.0,0.0,2.0,0.0,0.0,2.0,0.0,0.0,0.0,0.0,0.0,1.0,1.0,0.0,1.0,0.0,0.0,2.0,-7,,TBD
Efton Reid III,-0.37,1.3,0.0,0.0,1.0,0.0,0.0,0.0,0.0,0.0,0.0,0.0,0.0,0.0,0.0,0.0,0.0,0.0,0.0,0.0,-6,,TBD
Hayden Gray,-0.31,1.9,0.0,0.0,0.0,0.0,0.0,0.0,0.0,0.0,0.0,0.0,0.0,0.0,0.0,0.0,1.0,0.0,0.0,1.0,-7,,TBD
Isaac Nogues,1.62,10.2,0.0,0.0,1.0,0.0,0.0,1.0,0.0,0.0,0.0,0.0,1.0,0.0,1.0,1.0,0.0,1.0,0.0,2.0,-2,,TBD
J'Wan Roberts,-0.02,7.8,0.0,0.0,1.0,0.0,0.0,0.0,0.0,0.0,0.0,0.0,1.0,0.0,1.0,0.0,0.0,0.0,0.0,0.0,-11,,TBD
Jaden Akins,0.5,4.0,0.0,0.0,1.0,0.0,0.0,1.0,0.0,0.0,0.0,0.0,0.0,0.0,0.0,1.0,1.0,0.0,0.0,0.0,-3,,TBD
Jaden Springer,1.18,16.8,0.0,0.0,2.0,0.0,0.0,1.0,0.0,0.0,0.0,0.0,1.0,2.0,3.0,1.0,1.0,0.0,0.0,2.0,-18,,TBD
Jalen Hood-Schifino,1.91,21.1,0.0,0.0,4.0,0.0,0.0,1.0,0.0,0.0,0.0,0.0,1.0,1.0,2.0,0.0,1.0,1.0,0.0,6.0,-19,,TBD
Jalen Slawson,2.24,14.4,0.0,0.0,1.0,0.0,0.0,0.0,0.0,0.0,0.0,0.0,0.0,1.0,1.0,2.0,4.0,2.0,2.0,0.0,-5,,TBD
James Banks III,-0.04,5.6,0.0,0.0,1.0,0.0,0.0,0.0,0.0,0.0,0.0,0.0,1.0,0.0,1.0,0.0,1.0,0.0,0.0,0.0,-10,,TBD
James Caron Butler Jr.,0.84,4.4,0.0,0.0,1.0,0.0,0.0,1.0,0.0,0.0,0.0,0.0,0.0,0.0,0.0,0.0,0.0,3.0,0.0,0.0,-1,,TBD
Jamiya Neal,0.4,4.0,0.0,0.0,2.0,0.0,0.0,2.0,0.0,0.0,0.0,0.0,0.0,1.0,1.0,0.0,0.0,0.0,0.0,0.0,-6,,TBD
Jaxson Robinson,1.74,9.9,0.0,0.0,2.0,0.0,0.0,2.0,0.0,0.0,0.0,0.0,0.0,0.0,0.0,1.0,0.5,0.0,0.0,1.0,1,,TBD
Josh Oduro,0.44,3.4,0.0,0.0,0.0,0.0,0.0,0.0,0.0,0.0,0.0,0.0,0.0,0.0,0.0,1.0,0.0,0.0,0.0,3.0,-3,,TBD
Josh Uduje,1.93,6.3,0.0,0.0,1.0,0.0,0.0,0.0,0.0,0.0,0.0,0.0,0.0,0.0,0.0,1.0,1.0,0.0,0.0,0.0,10,,TBD
Keisei Tominaga,0.58,1.8,0.0,0.0,1.0,0.0,0.0,1.0,0.0,0.0,0.0,0.0,0.0,0.0,0.0,0.0,0.0,0.0,1.0,1.0,0,,TBD
Kerwin Walton,0.16,3.1,0.0,0.0,1.0,0.0,0.0,1.0,0.0,0.0,0.0,0.0,0.0,0.0,0.0,0.0,0.0,0.0,0.0,0.5,-4,,TBD
Lance Ware,0.99,2.4,0.0,0.0,0.5,0.0,0.0,0.0,0.0,0.0,1.0,0.0,0.5,0.0,0.5,0.0,0.0,0.0,0.0,0.0,5,,TBD
Liam Robbins,0.79,5.9,0.0,0.0,1.5,0.0,0.0,1.0,0.0,0.0,0.0,0.0,0.0,0.5,0.5,0.5,1.0,0.0,0.0,1.0,-4,,TBD
Mitch Mascari,1.68,5.8,0.0,0.0,2.0,0.0,0.0,2.0,0.0,0.0,0.0,0.0,0.0,0.0,0.0,1.0,0.0,0.0,0.0,1.0,5,,TBD
Nate Santos,1.23,6.8,0.0,0.0,1.5,0.0,0.0,1.0,0.0,0.0,0.0,0.0,0.0,2.5,2.5,0.5,1.0,0.5,0.0,1.0,-5,,TBD
Nathan Mensah,1.6,7.0,0.0,0.0,1.0,0.0,0.0,0.0,0.0,0.0,0.0,0.0,1.0,1.0,2.0,0.0,1.0,0.0,0.0,4.0,-1,,TBD
Noah Farrakhan,0.69,3.9,0.0,0.0,0.0,0.0,0.0,0.0,0.0,0.0,0.0,0.0,0.0,0.0,0.0,0.0,0.0,0.0,0.0,2.0,1,,TBD
Patrick McCaffery,-0.45,6.5,0.0,0.0,0.0,0.0,0.0,0.0,0.0,0.0,0.0,0.0,0.0,0.0,0.0,1.0,0.0,0.0,0.0,1.0,-13,,TBD
Romeo Weems,-0.02,3.8,0.0,0.0,1.0,0.0,0.0,1.0,0.0,0.0,0.0,0.0,0.0,0.0,0.0,0.0,0.0,0.0,0.0,1.0,-7,,TBD
Steve Crowl,0.07,5.7,0.0,0.0,0.0,0.0,0.0,0.0,0.0,0.0,0.0,0.0,1.0,0.0,1.0,0.0,1.0,0.0,0.0,0.0,-8,,TBD
Steve Settle III,1.18,12.8,0.0,0.0,2.0,0.0,0.0,0.0,0.0,0.0,0.0,0.0,0.0,1.0,1.0,0.0,2.0,1.0,0.0,3.0,-11,,TBD
T.J. Bickerstaff,4.02,17.2,0.0,0.0,4.0,0.0,0.0,0.0,0.0,0.0,0.0,0.0,3.0,4.0,7.0,2.0,1.0,2.0,0.0,1.0,-1,,TBD
TY Johnson,3.94,14.4,0.0,0.0,5.0,0.0,0.0,2.0,0.0,0.0,0.0,0.0,0.5,3.5,4.0,2.0,0.0,0.0,1.0,2.0,5,,TBD
Tyson Degenhart,1.85,4.5,0.0,0.0,0.0,0.0,0.0,0.0,0.0,0.0,0.0,0.0,0.0,1.0,1.0,0.0,0.0,0.0,0.0,3.0,9,,TBD
Wade Taylor IV,-0.52,5.8,0.0,0.0,1.0,0.0,0.0,1.0,0.0,0.0,0.0,0.0,0.0,0.0,0.0,1.0,1.0,0.0,0.0,2.0,-17,,TBD
Zach Hicks,-0.21,1.9,0.0,0.0,1.0,0.0,0.0,1.0,0.0,0.0,0.0,0.0,0.0,0.0,0.0,0.0,0.0,0.0,0.0,1.0,-7,,TBD
