Player,MSR,MIN,PTS,FGM,FGA,FG%,3PTM,3PA,3P%,FTM,FTA,FT%,OREB,DREB,REB,AST,TOV,STL,BLK,PF,Plus/Minus,European Archetype
Quenton Jackson,19.61,25.8,24.0,8.0,10.0,0.8,1.0,1.0,100.0,7.0,7.0,1.0,0.0,0.0,0.0,3.0,2.0,2.0,0.0,4.0,-0.5,TBD
Kyle Filipowski,18.6986,28.6,29.3,10.7,19.0,0.561,3.0,7.7,39.1,5.0,8.0,0.625,1.3,6.3,7.7,2.3,2.3,0.3,0.7,6.0,8.5,TBD
David Jones-Garcia,18.4362,24.3,24.3,9.0,15.3,0.587,4.0,6.3,63.2,2.3,2.7,0.875,1.0,4.3,5.3,4.0,4.0,1.7,0.0,2.7,8.5,TBD
Nique Clifford,18.0873,25.6,18.3,6.7,11.0,0.606,2.3,3.3,70.0,2.7,4.0,0.667,1.0,5.3,6.3,3.7,3.7,1.7,0.7,4.3,9.0,TBD
Ronald Holland II,17.873,28.0,21.5,6.5,12.0,0.542,3.0,5.5,54.5,5.5,8.0,0.688,1.5,4.5,6.0,2.5,2.5,3.0,0.5,3.5,9.0,TBD
Kel'el Ware,17.6162,28.9,17.3,6.7,12.7,0.526,1.7,2.7,62.5,2.3,3.7,0.636,2.3,7.7,10.0,0.7,1.0,1.3,1.7,3.3,8.5,TBD
A.J. Lawson,17.2484,22.2,21.5,6.0,10.0,0.6,3.0,5.0,60.0,6.5,9.5,0.684,2.0,3.5,5.5,2.5,1.0,2.0,1.0,1.5,8.5,TBD
Nae'Qwan Tomlin,16.9672,26.4,21.0,8.3,12.7,0.658,2.7,5.3,50.0,1.7,2.3,0.714,3.3,4.0,7.3,4.0,2.3,2.0,0.7,5.3,9.0,TBD
Enrique Freeman,16.8509,26.8,16.3,4.7,7.3,0.636,1.3,2.3,57.1,5.7,7.3,0.773,3.0,6.3,9.3,1.7,2.0,1.0,2.0,4.0,9.0,TBD
Rayan Rupert,16.82,23.7,13.0,3.0,6.0,0.5,1.5,2.0,75.0,5.5,5.5,1.0,1.5,4.5,6.0,3.5,2.0,2.0,0.0,3.5,8.5,TBD
Reed Sheppard,16.5464,30.6,23.0,8.0,22.0,0.364,3.5,11.0,31.8,3.5,5.0,0.7,0.0,5.5,5.5,2.5,4.5,4.0,1.5,3.0,-0.5,TBD
Terrence Shannon Jr.,16.4524,29.8,22.0,7.0,16.5,0.424,3.5,11.5,30.4,4.5,5.0,0.9,1.0,5.5,6.5,6.0,1.5,1.5,0.0,2.0,9.0,TBD
Walter Clayton Jr.,16.3671,27.2,21.0,8.0,17.0,0.471,4.0,10.0,40.0,1.0,2.0,0.5,0.0,6.0,6.0,3.0,2.0,0.0,1.0,6.0,8.5,TBD
Matas Buzelis,16.2479,28.4,22.5,6.0,14.0,0.429,2.0,6.0,33.3,8.5,10.0,0.85,0.0,5.0,5.0,1.0,4.0,1.0,1.5,4.0,9.0,TBD
Cole Swider,16.2244,29.8,19.7,6.7,13.7,0.488,4.7,9.7,48.3,1.7,3.0,0.556,1.7,6.7,8.3,1.7,1.7,1.3,0.0,3.0,-0.5,TBD
Jordan Miller,16.1582,32.2,21.0,7.0,14.0,0.5,2.0,5.7,35.3,5.0,5.7,0.882,1.7,4.7,6.3,2.3,3.0,1.7,0.3,3.3,9.0,TBD
Daniss Jenkins,15.9067,22.2,20.5,7.0,10.5,0.667,3.0,4.5,66.7,3.5,3.5,1.0,0.0,2.5,2.5,4.5,1.0,1.5,1.5,3.0,-0.5,TBD
Derik Queen,15.8729,26.7,12.5,4.5,10.5,0.429,0.5,1.0,50.0,3.0,5.0,0.6,2.5,9.0,11.5,2.0,4.5,0.5,0.5,5.0,8.5,TBD
Kobe Bufkin,15.8714,26.8,21.3,5.7,16.0,0.354,2.0,7.3,27.3,8.0,8.3,0.96,0.3,4.7,5.0,5.0,3.7,1.0,1.0,5.0,9.0,TBD
Jaylon Tyson,15.6417,29.6,19.7,6.3,15.7,0.404,2.7,7.7,34.8,4.3,5.3,0.813,2.3,3.7,6.0,6.7,4.0,1.3,1.3,4.3,-0.5,TBD
Rob Dillingham,15.3845,29.8,15.0,5.0,14.5,0.345,2.5,6.0,41.7,2.5,2.5,1.0,0.5,3.0,3.5,7.5,5.5,2.5,0.0,1.5,9.0,TBD
Chris Livingston,15.3767,28.7,20.0,7.0,14.0,0.5,2.0,5.3,37.5,4.0,6.0,0.667,1.3,4.0,5.3,2.7,1.7,0.7,0.7,2.7,9.0,TBD
Chris Youngblood,15.3203,23.9,20.0,7.0,11.0,0.636,4.0,6.5,61.5,2.0,3.0,0.667,2.0,1.5,3.5,1.5,2.0,1.5,0.0,1.5,-0.5,TBD
Liam McNeeley,15.2796,29.1,18.0,5.5,13.5,0.407,3.0,7.0,42.9,4.0,4.5,0.889,3.0,5.5,8.5,4.0,1.5,0.5,0.0,1.5,-0.5,TBD
Patrick Baldwin Jr.,15.2064,26.6,16.0,6.0,16.5,0.364,3.0,10.5,28.6,1.0,2.0,0.5,1.5,8.5,10.0,0.5,3.5,2.0,1.5,4.5,9.0,TBD
KJ Simpson,15.1724,27.9,19.3,6.7,14.7,0.455,2.7,7.3,36.4,3.3,4.3,0.769,1.0,2.7,3.7,5.3,2.7,1.7,0.0,2.3,8.5,TBD
Kyshawn George,15.1579,31.5,17.0,7.0,17.0,0.412,2.0,8.5,23.5,1.0,1.5,0.667,1.5,6.5,8.0,4.5,3.5,4.0,0.0,5.0,8.5,TBD
Kennedy Chandler,15.1317,28.6,19.0,6.7,16.0,0.417,1.7,4.7,35.7,4.0,6.7,0.6,1.7,1.3,3.0,4.3,2.7,2.0,0.7,3.0,8.5,TBD
Caleb Love,15.0578,26.4,18.0,7.0,18.5,0.378,3.5,8.0,43.8,0.5,1.0,0.5,0.0,3.5,3.5,1.5,2.0,0.5,0.5,2.5,9.0,TBD
Kobe Brown,15.0114,20.2,14.0,5.0,7.0,0.714,2.0,3.0,66.7,2.0,2.0,1.0,2.0,2.0,4.0,4.0,3.0,2.0,0.0,1.0,8.5,TBD
Ryan Dunn,14.9683,25.7,17.5,6.5,10.0,0.65,2.0,4.0,50.0,2.5,3.0,0.833,2.0,3.5,5.5,2.5,1.0,1.5,0.0,2.5,8.5,TBD
Ajay Mitchell,14.9486,27.0,16.5,5.0,12.0,0.417,1.5,4.5,33.3,5.0,6.5,0.769,1.0,4.5,5.5,4.5,6.5,1.5,0.5,4.5,8.5,TBD
Drew Timme,14.9122,30.5,26.0,11.5,18.5,0.622,1.5,5.0,30.0,1.5,3.0,0.5,1.5,5.5,7.0,2.0,1.0,1.0,0.5,2.5,-0.5,TBD
Lester Quinones,14.9076,21.5,14.5,5.0,10.5,0.476,4.0,7.0,57.1,0.5,1.0,0.5,0.0,3.5,3.5,2.0,2.0,2.0,0.0,5.5,8.5,TBD
Cooper Flagg,14.8728,31.4,20.5,7.5,21.0,0.357,1.5,7.0,21.4,4.0,7.0,0.571,0.0,5.0,5.0,2.5,1.5,1.5,0.5,1.5,9.0,TBD
Devin Carter,14.813,24.8,18.3,6.3,13.0,0.487,2.7,5.3,50.0,3.0,4.7,0.643,0.3,4.0,4.3,2.7,2.0,2.7,0.7,2.7,-0.5,TBD
Tristan da Silva,14.69,28.1,18.5,7.0,14.0,0.5,2.5,6.5,38.5,2.0,2.5,0.8,1.5,4.5,6.0,3.0,4.5,1.0,1.0,5.0,-0.5,TBD
Asa Newell,14.6819,25.1,13.3,4.7,9.0,0.519,2.0,4.0,50.0,2.0,4.0,0.5,2.3,6.0,8.3,0.7,0.7,0.7,0.3,3.7,9.0,TBD
Jamaree Bouyea,14.6348,23.4,16.5,6.5,14.5,0.448,3.5,7.0,50.0,0.0,0.0,0.0,1.0,2.5,3.5,4.0,0.0,2.5,0.5,1.5,9.0,TBD
Johni Broome,14.5767,16.3,9.0,3.5,7.5,0.467,2.0,2.5,80.0,0.0,0.0,0.0,3.0,1.0,4.0,1.5,1.0,1.0,0.5,3.5,9.0,TBD
Dexter Dennis,14.535,20.6,10.0,3.0,4.0,0.75,3.0,3.7,81.8,1.0,1.7,0.6,0.7,1.0,1.7,0.0,0.3,0.3,0.7,2.0,8.5,TBD
RayJ Dennis,14.46,27.7,16.0,5.3,13.3,0.4,2.3,6.0,38.9,3.0,3.3,0.9,0.3,1.7,2.0,6.0,4.0,2.3,0.7,2.0,8.5,TBD
Javon Freeman-Liberty,14.3862,28.5,20.0,5.7,12.7,0.447,1.3,3.7,36.4,7.3,9.0,0.815,1.3,3.0,4.3,2.3,3.0,1.3,0.3,3.0,-0.5,TBD
Tosan Evbuomwan,14.33,24.3,13.0,4.0,8.0,0.5,1.0,2.0,50.0,4.0,4.0,1.0,1.0,3.0,4.0,3.0,5.0,1.0,1.0,5.0,8.5,TBD
John Tonje,14.2956,23.3,16.0,5.0,9.0,0.556,4.0,7.0,57.1,2.0,4.0,0.5,0.0,3.0,3.0,3.0,0.0,1.0,0.0,5.0,-0.5,TBD
Kendall Brown,14.2788,14.1,9.3,3.7,5.3,0.688,0.7,0.7,100.0,1.3,1.7,0.8,0.0,1.0,1.0,0.3,0.7,0.7,0.0,1.3,-0.5,TBD
Kevin McCullar Jr.,14.2734,27.8,21.5,7.5,14.5,0.517,1.0,5.0,20.0,5.5,6.0,0.917,2.0,3.0,5.0,2.0,4.5,1.5,0.0,5.5,9.0,TBD
DJ Steward,14.2524,25.7,10.0,4.0,12.3,0.324,1.7,3.0,55.6,0.3,0.3,1.0,1.3,3.3,4.7,4.3,2.7,1.7,0.3,1.0,9.0,TBD
Jase Richardson,14.1365,23.4,16.5,5.0,9.0,0.556,1.5,3.0,50.0,5.0,5.5,0.909,0.0,1.5,1.5,2.5,1.0,0.5,1.0,4.0,9.0,TBD
Riley Minix,14.0844,26.5,12.0,4.0,9.0,0.444,2.7,5.3,50.0,1.3,1.3,1.0,2.3,3.0,5.3,1.3,1.0,0.7,0.7,4.0,9.0,TBD
Tre Johnson,14.0683,27.5,19.5,7.0,12.0,0.583,2.5,5.5,45.5,3.0,5.0,0.6,1.0,2.0,3.0,1.5,2.5,1.0,0.0,1.5,-0.5,TBD
Daniel Batcho,13.99,7.4,8.0,3.0,3.0,1.0,1.0,1.0,100.0,1.0,2.0,0.5,0.0,0.0,0.0,0.0,1.0,0.0,0.0,2.0,9.0,TBD
Cam Christie,13.987,32.2,16.7,5.0,12.3,0.405,2.3,6.7,35.0,4.3,5.7,0.765,0.7,4.3,5.0,3.7,2.3,1.7,0.0,1.3,-0.5,TBD
Boogie Ellis,13.8791,19.4,10.0,3.0,7.7,0.391,2.7,4.3,61.5,1.3,1.3,1.0,1.3,2.0,3.3,3.0,2.3,2.3,0.0,3.0,9.0,TBD
Craig Porter Jr.,13.85,6.5,7.0,2.0,2.0,1.0,1.0,1.0,100.0,2.0,2.0,1.0,0.0,1.0,1.0,1.0,0.0,0.0,0.0,1.0,9.0,TBD
Hugo González,13.7636,27.6,11.0,3.5,12.0,0.292,2.0,6.0,33.3,2.0,4.5,0.444,2.5,3.0,5.5,4.0,4.5,0.5,1.0,5.0,9.0,TBD
Micah Peavy,13.6956,24.9,11.0,5.0,9.0,0.556,1.0,2.0,50.0,0.0,0.0,0.0,3.0,4.0,7.0,0.0,2.0,2.0,0.0,7.0,8.5,TBD
Jaylen Wells,13.6908,25.3,18.0,5.0,13.0,0.385,2.0,6.0,33.3,6.0,6.5,0.923,1.0,4.0,5.0,3.0,2.0,1.5,0.5,4.0,-0.5,TBD
GG Jackson,13.5356,29.0,16.0,5.0,10.0,0.5,1.0,3.0,33.3,5.0,9.0,0.556,1.0,3.0,4.0,2.0,2.0,0.0,0.0,2.0,9.0,TBD
Maxime Raynaud,13.4638,27.8,16.5,7.0,13.0,0.538,1.5,4.5,33.3,1.0,1.0,1.0,2.0,3.5,5.5,2.0,0.5,1.0,0.0,4.5,8.5,TBD
Jacob Toppin,13.4634,22.9,15.3,5.7,10.0,0.567,1.3,3.3,40.0,2.7,4.0,0.667,3.0,4.3,7.3,1.3,1.3,0.7,0.0,1.3,9.0,TBD
Pelle Larsson,13.3961,29.0,18.0,4.3,10.0,0.433,1.3,4.0,33.3,8.0,9.7,0.828,0.0,2.3,2.3,3.7,4.3,0.7,0.0,2.3,-0.5,TBD
Baylor Scheierman,13.3913,28.9,13.3,5.0,16.0,0.313,2.0,9.3,21.4,1.3,1.7,0.8,0.7,4.7,5.3,7.0,1.7,2.7,0.0,3.3,8.5,TBD
Nolan Hickman,13.3533,7.2,3.0,1.0,3.0,0.333,1.0,1.0,100.0,0.0,0.0,0.0,0.0,3.0,3.0,0.0,2.0,0.0,0.0,0.0,9.0,TBD
Cody Williams,13.3135,32.4,17.7,6.7,16.3,0.408,1.7,7.3,22.7,2.7,3.7,0.727,0.7,4.3,5.0,3.0,2.0,2.3,0.7,3.3,-0.5,TBD
Cam Spencer,13.2917,27.0,16.0,5.0,12.0,0.417,2.0,5.0,40.0,4.0,4.0,1.0,1.5,2.0,3.5,3.0,2.5,0.5,0.0,4.0,-0.5,TBD
Kasparas Jakučionis,13.2429,26.4,15.0,4.5,8.5,0.529,2.5,5.5,45.5,3.5,3.5,1.0,0.0,3.0,3.0,3.0,2.5,1.5,0.0,3.5,-0.5,TBD
Malevy Leons,13.1643,22.5,10.0,4.5,7.0,0.643,0.5,1.0,50.0,0.5,0.5,1.0,3.0,4.0,7.0,3.0,0.5,1.5,1.0,5.0,8.5,TBD
Sidy Cissoko,13.1524,24.0,14.0,5.5,10.5,0.524,1.5,4.0,37.5,1.5,1.5,1.0,0.5,4.0,4.5,2.5,3.0,2.0,0.5,4.5,8.5,TBD
Hunter Tyson,13.0288,28.5,12.5,4.5,14.0,0.321,1.5,5.5,27.3,2.0,3.0,0.667,1.0,8.0,9.0,1.0,1.0,1.0,0.0,1.0,8.5,TBD
DaRon Holmes II,13.0,24.9,11.5,4.5,7.5,0.6,2.5,5.0,50.0,0.0,0.0,0.0,1.0,4.0,5.0,0.5,1.0,0.0,0.5,2.5,9.0,TBD
Pete Nance,12.993,28.0,14.3,5.3,10.3,0.516,2.0,5.3,37.5,1.7,2.3,0.714,1.0,5.3,6.3,2.0,1.3,1.3,2.0,3.3,-0.5,TBD
Tyson Etienne,12.9891,22.9,13.0,4.5,11.5,0.391,4.0,9.5,42.1,0.0,0.0,0.0,1.5,0.5,2.0,2.5,1.5,1.5,0.0,4.0,8.5,TBD
Isaiah Collier,12.9812,27.1,12.3,4.7,11.3,0.412,1.0,3.3,30.0,2.0,4.0,0.5,0.7,4.0,4.7,8.3,4.0,1.0,0.3,1.7,8.5,TBD
Tidjane Salaün,12.9695,24.4,14.0,4.3,9.7,0.448,1.7,5.0,33.3,3.7,5.7,0.647,1.7,4.0,5.7,1.0,1.7,0.0,0.7,3.0,9.0,TBD
Judah Mintz,12.9642,27.1,16.5,3.5,10.0,0.35,0.5,2.0,25.0,9.0,13.0,0.692,0.5,2.0,2.5,3.5,0.5,0.5,0.0,3.5,9.0,TBD
James Bouknight,12.9536,21.9,13.0,3.5,5.5,0.636,1.5,3.0,50.0,4.5,4.5,1.0,0.5,5.0,5.5,4.0,2.5,1.5,1.5,0.5,-0.5,TBD
Jahmyl Telfort,12.93,9.7,1.7,0.7,0.7,1.0,0.3,0.3,100.0,0.0,0.0,0.0,0.3,1.3,1.7,1.0,0.3,0.3,0.0,1.0,9.0,TBD
Obinna Anochili-Killen,12.91,6.6,7.0,3.0,3.0,1.0,1.0,1.0,100.0,0.0,0.0,0.0,0.0,1.0,1.0,0.0,0.0,0.0,1.0,4.0,-0.5,TBD
Bub Carrington,12.8889,30.4,10.5,3.0,8.0,0.375,2.0,4.5,44.4,2.5,3.5,0.714,0.5,4.0,4.5,4.0,2.5,1.5,0.0,2.5,-0.5,TBD
Adonis Arms,12.8828,26.4,18.0,5.5,11.5,0.478,1.0,5.5,18.2,6.0,8.0,0.75,0.5,4.0,4.5,4.0,1.5,2.0,1.0,1.5,8.5,TBD
Zavier Simpson,12.8822,26.6,11.0,4.0,7.7,0.522,1.0,2.7,37.5,2.0,3.3,0.6,1.7,2.0,3.7,5.0,3.0,2.3,1.7,4.0,8.5,TBD
Nikola Topić,12.8175,25.9,12.5,4.5,12.0,0.375,1.5,3.5,42.9,2.0,2.0,1.0,1.0,1.5,2.5,8.0,3.0,1.5,0.0,3.0,-0.5,TBD
Alondes Williams,12.7571,17.3,7.0,2.0,3.5,0.571,2.0,3.0,66.7,1.0,1.0,1.0,0.0,2.5,2.5,2.0,2.0,1.0,0.5,3.0,9.0,TBD
Javan Johnson,12.7,17.2,8.0,3.0,5.0,0.6,2.0,3.0,66.7,0.0,0.0,0.0,0.0,4.0,4.0,0.0,1.0,0.0,2.0,2.0,8.5,TBD
Harrison Ingram,12.6775,24.4,8.7,3.0,8.0,0.375,1.3,3.7,36.4,1.3,1.3,1.0,2.0,7.7,9.7,4.7,1.7,0.3,0.0,2.7,8.5,TBD
Kenneth Lofton Jr.,12.6586,17.9,10.3,3.0,7.0,0.429,0.3,0.7,50.0,4.0,4.7,0.857,2.7,2.7,5.3,2.3,2.3,0.3,0.3,3.0,8.5,TBD
M.J. Walker Jr.,12.61,19.2,12.0,4.0,10.0,0.4,4.0,8.0,50.0,0.0,0.0,0.0,0.5,2.0,2.5,1.0,0.5,0.5,0.0,2.5,9.0,TBD
Andre Jackson Jr.,12.58,21.5,5.7,1.7,3.3,0.5,1.0,1.7,60.0,1.3,1.3,1.0,0.7,2.7,3.3,4.0,3.3,0.7,0.3,3.3,8.5,TBD
Kam Jones,12.5053,25.5,11.7,4.3,8.3,0.52,1.3,3.7,36.4,1.7,2.0,0.833,1.3,2.7,4.0,3.3,3.7,2.0,0.3,3.0,8.5,TBD
Wendell Moore Jr.,12.4796,18.6,12.0,4.5,8.5,0.529,1.0,2.0,50.0,2.0,3.0,0.667,1.0,4.0,5.0,0.0,0.5,0.5,0.5,1.5,9.0,TBD
Will Riley,12.4733,21.8,10.5,3.5,6.0,0.583,2.0,3.5,57.1,1.5,2.0,0.75,0.0,1.5,1.5,1.5,0.5,0.0,0.0,1.5,9.0,TBD
Nikola Đurišić,12.4446,26.5,13.3,4.7,9.3,0.5,0.3,1.0,33.3,3.7,4.3,0.846,0.3,2.7,3.0,4.0,2.0,0.7,0.7,4.3,9.0,TBD
Jack McVeigh,12.4411,21.3,14.0,5.5,9.0,0.611,2.5,5.0,50.0,0.5,0.5,1.0,1.0,3.5,4.5,2.0,1.5,0.5,0.5,1.5,-0.5,TBD
Jamal Shead,12.4409,23.0,9.5,3.0,8.5,0.353,1.0,2.5,40.0,2.5,4.5,0.556,1.5,1.5,3.0,5.0,3.0,2.0,0.0,4.0,9.0,TBD
Jordan Walsh,12.4339,20.7,14.3,4.3,10.0,0.433,1.7,4.7,35.7,4.0,5.7,0.706,0.3,3.0,3.3,1.3,1.7,0.7,0.0,3.3,8.5,TBD
Mason Jones,12.41,25.5,9.7,2.7,6.7,0.4,2.0,5.0,40.0,2.3,3.3,0.7,0.3,3.0,3.3,5.7,2.0,0.7,0.0,2.3,8.5,TBD
Alex Sarr,12.383,29.6,15.5,6.0,12.5,0.48,0.5,2.5,20.0,3.0,4.0,0.75,2.5,5.5,8.0,2.0,4.0,0.5,5.5,1.5,-0.5,TBD
Erik Stevenson,12.3433,21.2,8.0,2.7,5.0,0.533,2.0,3.7,54.5,0.7,0.7,1.0,1.0,3.0,4.0,1.0,2.3,0.3,0.0,3.3,8.5,TBD
Tyrese Proctor,12.2764,27.4,11.3,3.7,12.3,0.297,2.0,6.7,30.0,2.0,3.0,0.667,0.7,2.3,3.0,3.7,1.3,1.3,0.3,2.3,8.5,TBD
Bobi Klintman,12.265,29.9,8.5,3.0,7.5,0.4,1.0,3.5,28.6,1.5,2.0,0.75,0.5,8.0,8.5,2.5,2.5,1.5,1.0,3.0,8.5,TBD
Gabe Madsen,12.0892,12.6,15.0,5.0,8.0,0.625,4.0,6.5,61.5,1.0,1.5,0.667,1.0,0.0,1.0,0.5,1.5,1.0,0.0,0.0,-0.5,TBD
Noa Essengue,12.0534,24.9,12.7,4.3,10.3,0.419,1.3,5.0,26.7,2.7,4.3,0.615,2.0,3.3,5.3,0.7,3.0,1.3,0.7,2.0,9.0,TBD
Chaz Lanier,12.026,25.1,12.0,4.5,12.5,0.36,3.0,9.0,33.3,0.0,0.0,0.0,0.5,2.0,2.5,3.0,1.0,1.0,0.5,1.5,8.5,TBD
Isaac Jones,11.9883,24.4,11.0,3.7,6.7,0.55,0.3,1.0,33.3,3.3,4.0,0.833,2.7,4.0,6.7,2.0,2.3,0.7,0.7,2.7,9.0,TBD
Jaylen Sims,11.9257,20.5,12.7,4.0,6.7,0.6,0.7,1.7,40.0,4.0,4.7,0.857,1.7,2.0,3.7,1.0,1.7,2.0,0.0,1.7,9.0,TBD
Taran Armstrong,11.9238,25.0,9.5,3.5,8.0,0.438,1.5,4.5,33.3,1.0,1.0,1.0,1.0,4.0,5.0,5.0,3.5,2.0,0.0,1.0,9.0,TBD
Miles Kelly,11.81,26.3,11.7,4.0,10.0,0.4,2.0,6.3,31.6,1.7,1.7,1.0,0.7,2.7,3.3,0.7,1.0,1.0,0.3,2.7,9.0,TBD
Ryan Nembhard,11.7739,29.5,11.3,4.3,10.7,0.406,1.0,3.0,33.3,1.7,2.0,0.833,0.0,2.7,2.7,6.7,3.7,0.7,0.0,3.7,-0.5,TBD
Jackson Rowe,11.7214,25.0,12.0,5.0,7.0,0.714,1.0,2.0,50.0,1.0,1.0,1.0,0.0,3.0,3.0,1.0,2.0,1.0,0.0,2.0,-0.5,TBD
Koby Brea,11.7024,24.0,12.0,4.7,11.0,0.424,2.0,4.7,42.9,0.7,0.7,1.0,0.3,3.7,4.0,0.7,2.7,0.7,0.0,1.3,-0.5,TBD
Spencer Jones,11.5966,24.1,10.0,4.0,7.5,0.533,1.5,4.0,37.5,0.5,1.5,0.333,1.0,3.0,4.0,0.0,1.0,1.5,0.0,5.0,9.0,TBD
Jeremiah Fears,11.5391,27.6,14.5,4.5,16.5,0.273,1.0,5.5,18.2,4.5,5.5,0.818,0.5,1.5,2.0,1.0,5.0,1.0,0.0,6.0,-0.5,TBD
Kon Knueppel,11.5333,27.9,10.5,3.0,9.0,0.333,1.5,5.0,30.0,3.0,5.0,0.6,1.0,4.5,5.5,4.0,2.0,1.0,0.5,1.5,-0.5,TBD
Egor Dëmin,11.5233,24.9,10.0,3.0,9.0,0.333,3.0,7.5,40.0,1.0,1.0,1.0,1.0,3.0,4.0,2.0,1.5,1.0,0.5,2.0,-0.5,TBD
Dalton Knecht,11.504,27.3,11.5,4.5,15.5,0.29,2.0,7.5,26.7,0.5,2.0,0.25,2.0,3.5,5.5,2.0,1.0,1.0,0.0,2.5,-0.5,TBD
Ja'Kobe Walter,11.4495,21.5,14.0,5.0,13.5,0.37,1.5,5.0,30.0,2.5,4.0,0.625,0.5,3.0,3.5,1.0,3.5,1.5,0.5,3.5,-0.5,TBD
Dylan Harper,11.3743,22.1,16.0,5.0,14.0,0.357,0.5,4.0,12.5,5.5,7.0,0.786,0.5,3.5,4.0,2.0,3.5,1.0,0.5,2.5,8.5,TBD
E.J. Liddell,11.3483,23.8,7.5,2.5,7.5,0.333,1.0,3.5,28.6,1.5,2.0,0.75,4.0,5.0,9.0,0.5,3.5,0.0,0.5,3.5,8.5,TBD
Javonte Cooke,11.3467,20.1,10.3,3.7,10.0,0.367,2.3,6.3,36.8,0.7,0.7,1.0,0.0,3.0,3.0,1.7,1.3,0.7,0.0,3.0,8.5,TBD
Cormac Ryan,11.3463,21.7,11.7,3.3,9.7,0.345,2.0,6.0,33.3,3.0,3.7,0.818,0.0,0.3,0.3,2.0,2.0,1.3,0.3,2.7,9.0,TBD
Cameron McGriff,11.2818,28.2,9.5,3.5,11.0,0.318,2.5,7.5,33.3,0.0,0.0,0.0,1.5,3.5,5.0,2.0,1.5,1.0,0.0,3.0,-0.5,TBD
Alex Toohey,11.2327,23.8,11.0,3.0,10.0,0.3,1.0,4.0,25.0,4.0,5.5,0.727,2.0,2.0,4.0,1.5,1.0,2.5,0.0,2.5,8.5,TBD
R.J. Felton,11.21,3.6,3.0,1.0,1.0,1.0,1.0,1.0,100.0,0.0,0.0,0.0,0.0,0.0,0.0,0.0,0.0,0.0,0.0,1.0,-0.5,TBD
Tyreke Key,11.2,4.5,3.0,1.0,1.0,1.0,1.0,1.0,100.0,0.0,0.0,0.0,0.0,0.0,0.0,0.0,0.0,0.0,0.0,0.0,-0.5,TBD
Alex Schumacher,11.19,6.4,6.5,2.5,5.0,0.5,1.5,2.0,75.0,0.0,0.0,0.0,0.0,0.5,0.5,1.5,0.5,0.0,0.0,1.0,8.5,TBD
Miles Norris,11.1225,24.3,9.0,3.0,8.0,0.375,1.5,5.5,27.3,1.5,2.0,0.75,1.5,3.5,5.0,1.0,2.0,1.5,1.0,4.0,8.5,TBD
Eli John Ndiaye,11.105,20.8,12.0,4.0,8.0,0.5,1.0,4.0,25.0,3.0,4.0,0.75,4.0,2.0,6.0,2.0,0.0,1.0,1.0,3.0,9.0,TBD
Darius Bazley,11.0754,26.0,7.0,2.3,4.3,0.538,0.3,1.0,33.3,2.0,6.3,0.316,2.3,6.0,8.3,3.0,2.3,1.0,2.0,3.0,-0.5,TBD
Keshad Johnson,11.0042,28.7,12.0,4.3,9.3,0.464,1.0,4.0,25.0,2.3,3.0,0.778,1.7,2.3,4.0,3.7,1.0,1.0,1.3,4.7,-0.5,TBD
Maozinha Pereira,10.9645,21.1,7.5,3.0,5.5,0.545,1.5,3.0,50.0,0.0,0.0,0.0,0.5,2.0,2.5,1.0,1.5,0.0,0.0,1.5,8.5,TBD
Curtis Jones,10.9629,16.7,9.0,3.0,7.0,0.429,2.0,5.0,40.0,1.0,1.0,1.0,0.0,3.0,3.0,2.5,1.5,0.0,0.5,4.0,9.0,TBD
Brooks Barnhizer,10.9509,26.4,11.5,5.0,10.5,0.476,0.5,3.5,14.3,1.0,3.0,0.333,0.5,5.5,6.0,2.5,1.5,6.5,0.5,1.5,8.5,TBD
Antonio Reeves,10.95,22.5,15.0,5.5,11.0,0.5,0.5,2.0,25.0,3.5,3.5,1.0,1.5,2.0,3.5,0.0,0.0,2.0,0.0,2.0,8.5,TBD
Bronny James,10.9448,23.1,13.0,4.3,9.7,0.448,1.7,5.3,31.3,2.7,3.3,0.8,1.3,1.3,2.7,3.3,2.7,0.7,0.3,2.0,-0.5,TBD
Tristan Enaruna,10.9108,20.8,14.0,5.7,8.0,0.708,1.0,2.3,42.9,1.7,3.3,0.5,1.0,1.0,2.0,2.0,0.7,1.0,0.3,0.7,-0.5,TBD
Leonard Miller,10.9023,23.4,13.0,5.5,13.0,0.423,1.0,5.5,18.2,1.0,1.0,1.0,1.0,7.0,8.0,0.5,2.5,1.5,2.5,3.5,-0.5,TBD
Johnny Furphy,10.8434,22.9,11.3,4.3,8.3,0.52,1.0,4.0,25.0,1.7,2.3,0.714,0.3,3.7,4.0,2.3,2.7,1.0,0.7,2.7,9.0,TBD
Phillip Wheeler,10.833,17.9,13.3,3.3,5.3,0.625,0.3,1.0,33.3,6.3,7.0,0.905,1.7,0.7,2.3,0.3,1.0,0.3,1.3,3.0,8.5,TBD
Cameron Tyson,10.7929,14.8,9.0,3.0,7.0,0.429,3.0,6.5,46.2,0.0,0.0,0.0,0.5,2.0,2.5,2.0,0.0,0.0,0.0,2.0,9.0,TBD
Jacksen Moni,10.775,7.8,8.0,3.0,4.0,0.75,2.0,3.0,66.7,0.0,0.0,0.0,1.0,1.0,2.0,0.0,0.0,0.0,0.0,0.0,8.5,TBD
Noah Penda,10.6644,28.0,8.5,4.0,9.0,0.444,0.5,3.0,16.7,0.0,0.0,0.0,1.0,7.5,8.5,3.0,3.5,2.5,0.5,1.5,8.5,TBD
Lachlan Olbrich,10.5652,27.0,8.7,3.0,6.3,0.474,0.3,1.0,33.3,2.3,3.0,0.778,1.3,4.3,5.7,1.7,2.7,1.0,0.3,3.0,-0.5,TBD
Ethan Thompson,10.555,24.0,9.0,2.0,8.0,0.25,1.5,5.5,27.3,3.5,3.5,1.0,0.5,0.0,0.5,1.0,2.0,0.5,0.5,6.5,8.5,TBD
Kevon Harris,10.5307,22.5,13.0,4.5,9.5,0.474,1.5,5.0,30.0,2.5,3.0,0.833,1.0,1.5,2.5,2.5,1.0,2.5,0.0,2.0,-0.5,TBD
Justin Edwards,10.4785,25.5,10.0,3.5,11.0,0.318,2.0,6.0,33.3,1.0,1.5,0.667,0.0,1.5,1.5,1.0,3.0,0.0,0.0,3.5,-0.5,TBD
Coleman Hawkins,10.4,17.1,7.0,3.0,5.0,0.6,1.0,3.0,33.3,0.0,0.0,0.0,2.0,5.0,7.0,4.0,2.0,2.0,0.0,3.0,9.0,TBD
Nolan Traore,10.3875,24.6,10.0,3.0,7.5,0.4,0.5,2.5,20.0,3.5,4.0,0.875,1.0,3.5,4.5,3.0,3.0,0.0,0.0,3.5,8.5,TBD
Tolu Smith,10.3833,24.6,15.5,5.0,10.0,0.5,0.0,0.0,0.0,5.5,7.5,0.733,6.0,5.5,11.5,3.0,2.5,0.5,1.5,4.5,-0.5,TBD
Chris Ledlum,10.3774,16.9,8.0,3.0,6.3,0.474,1.3,3.3,40.0,0.7,1.3,0.5,1.7,2.3,4.0,0.3,1.7,0.0,2.0,1.0,9.0,TBD
Matt Cross,10.3467,22.8,4.0,1.0,6.0,0.167,1.0,4.0,25.0,1.0,2.0,0.5,3.0,6.0,9.0,2.0,2.0,0.0,1.0,4.0,9.0,TBD
Isaiah Crawford,10.2738,17.1,6.3,2.3,5.3,0.438,1.3,3.0,44.4,0.3,0.7,0.5,1.0,2.3,3.3,1.0,1.0,1.7,1.0,1.3,8.5,TBD
Trentyn Flowers,10.2243,23.8,9.3,3.3,7.0,0.476,0.7,3.3,20.0,2.0,3.0,0.667,1.7,3.3,5.0,1.7,3.3,2.0,0.0,2.7,9.0,TBD
Armando Bacot,10.18,22.8,14.0,5.5,11.0,0.5,0.0,2.0,0.0,3.0,3.0,1.0,3.5,5.5,9.0,2.0,1.5,0.5,2.5,5.5,9.0,TBD
Zakai Zeigler,10.1185,17.8,7.5,2.5,6.5,0.385,1.0,2.5,40.0,1.5,1.5,1.0,0.0,1.0,1.0,1.5,2.5,1.0,0.0,3.0,9.0,TBD
Jaden Shackelford,10.1094,22.1,10.5,2.5,8.5,0.294,1.5,7.0,21.4,4.0,5.0,0.8,0.0,2.0,2.0,1.5,0.5,0.0,0.0,2.5,9.0,TBD
Christian Koloko,10.0956,18.2,8.0,3.0,5.0,0.6,0.3,1.0,33.3,1.7,3.0,0.556,1.3,2.7,4.0,1.0,0.7,1.3,2.3,4.0,9.0,TBD
Khaman Maluach,10.0264,22.4,11.0,4.0,11.0,0.364,0.5,4.0,12.5,2.5,5.0,0.5,1.5,3.5,5.0,0.5,2.5,1.0,1.0,3.0,8.5,TBD
Dane Goodwin,10.005,13.2,2.7,1.0,1.3,0.75,0.7,1.0,66.7,0.0,0.0,0.0,0.0,0.7,0.7,0.3,0.0,0.3,0.0,1.7,9.0,TBD
Danny Wolf,9.99,23.7,4.5,1.0,5.0,0.2,0.5,2.5,20.0,2.0,2.0,1.0,1.0,7.0,8.0,2.0,3.5,1.5,2.5,3.5,8.5,TBD
Jamison Battle,9.9462,19.6,8.5,3.0,6.5,0.462,2.0,5.5,36.4,0.5,1.0,0.5,0.5,0.5,1.0,1.0,2.0,0.5,0.0,1.5,8.5,TBD
Gabe McGlothan,9.93,18.3,7.0,2.5,5.0,0.5,2.0,4.0,50.0,0.0,0.0,0.0,1.5,3.0,4.5,0.0,0.5,0.5,0.0,0.5,-0.5,TBD
Jazian Gortman,9.9211,18.3,12.0,5.5,9.0,0.611,1.0,3.0,33.3,0.0,0.0,0.0,0.0,2.0,2.0,1.5,1.5,0.0,0.0,0.5,9.0,TBD
Hansen Yang,9.91,24.8,10.0,3.5,7.5,0.467,0.5,2.5,20.0,2.5,3.0,0.833,1.0,3.5,4.5,4.0,4.0,0.5,2.0,4.5,-0.5,TBD
Kobe Sanders,9.8974,15.1,7.7,3.0,6.3,0.474,1.0,2.3,42.9,0.7,0.7,1.0,0.3,1.0,1.3,2.0,1.7,0.7,0.0,2.3,8.5,TBD
Nate Williams,9.8967,31.2,8.0,4.0,15.0,0.267,0.0,7.0,0.0,0.0,0.0,0.0,2.0,4.0,6.0,3.0,5.0,1.0,0.0,4.0,8.5,TBD
Jaylen Clark,9.825,27.3,7.0,2.5,10.0,0.25,1.0,5.5,18.2,1.0,2.0,0.5,1.0,2.0,3.0,2.0,0.5,2.0,1.0,3.0,8.5,TBD
Dominick Barlow,9.82,22.1,13.5,6.0,10.0,0.6,0.5,2.5,20.0,1.0,1.0,1.0,4.0,3.0,7.0,1.5,1.0,1.5,0.0,2.5,-0.5,TBD
Will Richard,9.8133,23.3,11.0,4.0,8.0,0.5,0.5,4.0,12.5,2.5,3.0,0.833,2.0,3.0,5.0,1.5,1.5,3.0,1.0,2.5,8.5,TBD
Caleb Daniels,9.685,11.5,5.5,1.5,2.5,0.6,1.0,2.0,50.0,1.5,2.0,0.75,1.0,2.0,3.0,0.5,0.0,0.5,0.0,2.5,8.5,TBD
Yves Missi,9.6508,25.3,10.0,4.0,10.0,0.4,0.0,0.0,0.0,2.0,6.5,0.308,5.0,7.0,12.0,0.0,0.5,1.0,1.5,2.0,9.0,TBD
Dmytro Skapintsev,9.6029,10.1,5.0,1.5,3.5,0.429,1.0,2.0,50.0,1.0,1.0,1.0,1.0,1.0,2.0,1.0,0.5,0.0,1.0,4.0,9.0,TBD
Brice Williams,9.5744,13.5,10.0,4.0,9.0,0.444,2.0,6.0,33.3,0.0,0.0,0.0,1.0,1.0,2.0,2.0,1.0,0.0,1.0,1.0,8.5,TBD
Dink Pate,9.5386,15.3,6.5,2.0,7.0,0.286,1.0,3.0,33.3,1.5,1.5,1.0,1.5,3.0,4.5,3.0,0.0,0.5,0.0,1.5,9.0,TBD
Alijah Martin,9.4568,19.0,9.0,3.5,9.5,0.368,1.0,4.5,22.2,1.0,1.0,1.0,0.5,2.5,3.0,3.0,2.5,1.5,0.0,1.0,8.5,TBD
Pacôme Dadiet,9.4158,21.7,12.0,5.5,12.0,0.458,1.0,4.0,25.0,0.0,0.5,0.0,1.0,2.5,3.5,1.0,2.0,0.0,0.5,2.0,-0.5,TBD
Adam Flagler,9.3783,18.4,7.7,2.7,8.0,0.333,1.3,4.3,30.8,1.0,1.3,0.75,1.0,0.7,1.7,2.0,1.0,0.7,0.3,1.3,8.5,TBD
Colin Castleton,9.3686,12.4,2.5,1.0,3.5,0.286,0.5,1.0,50.0,0.0,0.0,0.0,2.5,2.0,4.5,0.0,2.0,0.5,0.5,2.0,8.5,TBD
Yuki Kawamura,9.3511,22.9,7.3,2.0,6.0,0.333,1.0,4.0,25.0,2.3,3.0,0.778,0.0,1.7,1.7,5.7,3.7,2.3,0.0,4.3,-0.5,TBD
Leaky Black,9.3267,12.6,6.0,1.5,3.0,0.5,1.0,2.5,40.0,2.0,3.0,0.667,0.0,2.5,2.5,1.0,1.5,1.0,0.0,3.5,8.5,TBD
Amari Bailey,9.2767,12.2,6.5,2.0,5.0,0.4,0.5,1.0,50.0,2.0,3.0,0.667,1.0,2.0,3.0,2.5,0.5,0.5,0.0,0.5,-0.5,TBD
Caleb Grill,9.2185,17.5,7.0,2.5,6.5,0.385,2.0,6.0,33.3,0.0,0.0,0.0,0.0,1.5,1.5,0.5,0.5,1.5,0.0,3.0,8.5,TBD
Jalen Bridges,9.21,17.5,8.0,3.0,6.0,0.5,1.0,3.5,28.6,1.0,2.0,0.5,1.0,2.5,3.5,0.0,0.5,1.5,1.5,1.5,8.5,TBD
Ryan Kalkbrenner,9.169,26.8,8.7,3.3,7.0,0.476,0.3,1.7,20.0,1.7,2.3,0.714,2.3,3.0,5.3,2.3,1.3,0.7,2.3,2.0,-0.5,TBD
Isaiah Stevens,9.0875,16.7,5.7,2.0,5.3,0.375,0.7,2.0,33.3,1.0,2.0,0.5,1.3,2.0,3.3,3.0,0.7,1.0,0.0,1.0,9.0,TBD
Elijah Harkless,9.0813,23.8,7.0,1.7,6.3,0.263,0.7,4.0,16.7,3.0,4.0,0.75,1.0,2.0,3.0,1.3,0.7,2.0,0.3,3.3,9.0,TBD
Kira Lewis Jr.,9.0768,25.5,7.3,2.3,6.3,0.368,0.3,2.3,14.3,2.3,3.3,0.7,0.7,3.7,4.3,3.0,2.7,0.3,0.3,2.3,8.5,TBD
Tyler Kolek,9.0458,28.0,6.5,2.5,12.0,0.208,0.0,5.5,0.0,1.5,2.0,0.75,1.5,2.5,4.0,6.0,4.5,1.0,1.5,2.0,8.5,TBD
Keion Brooks Jr.,9.0062,17.0,6.0,1.5,3.5,0.429,0.5,1.5,33.3,2.5,3.0,0.833,2.5,0.5,3.0,0.5,0.5,1.5,0.0,2.5,9.0,TBD
Taelon Peter,8.9165,25.7,10.3,4.3,7.7,0.565,1.0,4.3,23.1,0.7,0.7,1.0,0.3,1.7,2.0,2.0,1.7,1.0,0.3,1.3,-0.5,TBD
Collin Murray-Boyles,8.89,22.8,8.0,3.0,5.0,0.6,0.0,2.0,0.0,2.0,4.0,0.5,5.0,2.0,7.0,1.0,5.0,3.0,1.0,8.0,9.0,TBD
PJ Hall,8.8713,11.2,7.7,3.0,5.3,0.563,0.7,1.7,40.0,1.0,1.3,0.75,1.3,2.7,4.0,1.0,1.7,0.3,1.0,4.0,-0.5,TBD
Jermaine Samuels Jr.,8.8517,19.8,8.3,3.0,6.7,0.45,0.3,1.7,20.0,2.0,3.0,0.667,2.0,2.3,4.3,0.0,2.0,0.0,0.3,2.7,9.0,TBD
Chaney Johnson,8.7882,15.4,3.5,1.0,5.5,0.182,0.5,1.5,33.3,1.0,1.0,1.0,1.5,2.5,4.0,0.5,2.0,0.5,0.5,3.5,9.0,TBD
Moses Wood,8.752,20.1,7.0,2.7,8.3,0.32,1.0,5.7,17.6,0.7,1.3,0.5,0.3,3.0,3.3,2.0,1.0,0.3,1.7,1.7,9.0,TBD
Jake Stephens,8.74,14.5,3.5,1.0,2.5,0.4,1.0,2.5,40.0,0.5,1.0,0.5,1.0,2.0,3.0,1.0,0.5,1.0,0.5,2.0,9.0,TBD
Oso Ighodaro,8.7387,28.8,10.7,4.3,8.3,0.52,0.0,0.0,0.0,2.0,3.0,0.667,3.3,6.0,9.3,1.7,3.3,2.3,1.0,2.7,-0.5,TBD
Saliou Niang,8.7101,22.5,7.7,2.3,5.7,0.412,0.3,1.7,20.0,2.7,3.0,0.889,2.7,4.0,6.7,1.3,2.3,0.7,0.0,2.7,-0.5,TBD
Trevor Keels,8.6944,11.6,6.5,2.0,4.5,0.444,1.5,3.5,42.9,1.0,1.0,1.0,0.0,0.0,0.0,0.5,1.0,0.0,0.0,0.5,9.0,TBD
Charles Bassey,8.6904,21.3,15.3,6.3,9.0,0.704,0.0,0.0,0.0,2.7,2.7,1.0,4.0,7.0,11.0,0.3,1.7,0.7,2.0,1.7,-0.5,TBD
Tristen Newton,8.6375,16.4,6.5,2.0,6.5,0.308,1.5,4.0,37.5,1.0,1.5,0.667,0.5,1.0,1.5,2.0,1.0,1.0,0.0,2.0,-0.5,TBD
Bogoljub Marković,8.6163,15.3,6.3,1.7,4.3,0.385,0.7,2.0,33.3,2.3,3.0,0.778,0.7,0.7,1.3,1.0,1.3,0.3,0.0,2.3,8.5,TBD
Devone Grant,8.61,10.9,4.5,1.5,5.0,0.3,1.5,3.5,42.9,0.0,0.0,0.0,0.0,0.5,0.5,2.5,1.5,0.5,0.0,1.5,9.0,TBD
Stanley Umude,8.5433,13.5,5.3,2.0,5.0,0.4,1.0,2.7,37.5,0.3,1.0,0.333,0.3,1.3,1.7,0.0,0.3,2.0,0.0,2.3,8.5,TBD
Rasheer Fleming,8.52,13.9,7.0,3.0,6.0,0.5,1.0,3.0,33.3,0.0,0.0,0.0,0.0,2.0,2.0,0.0,1.0,1.0,1.0,2.0,8.5,TBD
Norchad Omier,8.5033,19.6,11.0,4.7,9.0,0.519,0.0,0.7,0.0,1.7,2.3,0.714,4.0,4.0,8.0,0.7,3.0,1.3,0.3,5.0,8.5,TBD
Jahmir Young,8.4891,21.1,7.7,3.0,7.7,0.391,0.3,2.0,16.7,1.3,1.3,1.0,0.7,1.3,2.0,5.3,2.7,0.7,0.0,0.7,9.0,TBD
Andrew Funk,8.48,13.8,3.0,1.0,2.0,0.5,1.0,2.0,50.0,0.0,0.0,0.0,0.0,0.0,0.0,2.0,0.0,0.0,0.0,1.0,8.5,TBD
Zyon Pullin,8.4433,24.3,5.0,2.0,6.0,0.333,1.0,3.0,33.3,0.0,0.0,0.0,0.0,2.0,2.0,4.0,2.0,0.0,0.0,0.0,-0.5,TBD
Arthur Kaluma,8.4155,12.8,4.3,1.7,3.7,0.455,0.7,1.7,40.0,0.3,0.7,0.5,0.3,1.7,2.0,0.7,0.7,0.0,0.7,2.7,8.5,TBD
Jack White,8.39,21.2,6.0,2.0,5.0,0.4,1.0,3.0,33.3,1.0,1.0,1.0,0.0,1.5,1.5,1.5,1.0,2.0,1.5,0.5,-0.5,TBD
Jonathan Mogbo,8.3356,22.9,13.5,6.0,8.5,0.706,0.0,0.0,0.0,1.5,2.0,0.75,2.0,3.5,5.5,1.5,2.5,2.0,0.5,1.0,9.0,TBD
Tamar Bates,8.326,18.3,10.5,4.5,12.5,0.36,0.5,4.5,11.1,1.0,1.0,1.0,1.5,0.0,1.5,2.0,1.5,1.5,0.0,1.5,8.5,TBD
Ariel Hukporti,8.2881,21.2,7.5,2.5,4.5,0.556,0.0,0.0,0.0,2.5,4.0,0.625,4.0,5.0,9.0,1.5,3.0,1.0,2.5,5.0,8.5,TBD
Phlandrous Fleming Jr.,8.2467,16.3,7.0,2.5,6.0,0.417,0.5,2.0,25.0,1.5,2.0,0.75,2.0,4.5,6.5,3.0,1.5,0.5,0.0,1.0,-0.5,TBD
Carter Bryant,8.2458,25.3,4.0,1.0,8.0,0.125,0.3,4.0,8.3,1.7,2.0,0.833,0.7,3.3,4.0,1.0,2.7,0.7,2.0,4.0,8.5,TBD
Tyler Smith,8.1402,26.6,5.7,2.0,8.7,0.231,0.3,6.0,5.6,1.3,2.3,0.571,1.0,3.0,4.0,0.0,2.0,0.0,1.3,2.3,8.5,TBD
Taevion Kinsey,8.1214,9.4,3.7,1.7,2.3,0.714,0.3,0.7,50.0,0.0,0.0,0.0,0.3,1.0,1.3,0.0,0.0,1.0,0.0,0.3,8.5,TBD
Keve Aluma,8.07,15.6,8.0,3.5,7.0,0.5,1.0,3.5,28.6,0.0,0.5,0.0,2.0,2.0,4.0,0.0,1.0,1.5,0.5,2.0,-0.5,TBD
D.J. Rodman,7.97,11.2,3.0,1.0,2.0,0.5,0.5,1.0,50.0,0.5,1.0,0.5,0.5,2.5,3.0,1.5,0.5,0.5,0.0,0.5,-0.5,TBD
Jordan Hall,7.9621,20.0,6.0,2.7,6.3,0.421,0.7,2.7,25.0,0.0,0.0,0.0,0.7,3.3,4.0,2.0,2.0,1.0,0.3,3.0,-0.5,TBD
Khalif Battle,7.8908,14.2,4.0,1.0,2.7,0.375,0.3,1.0,33.3,1.7,2.0,0.833,0.3,1.0,1.3,1.0,2.0,0.3,0.3,2.3,9.0,TBD
Daeqwon Plowden,7.8685,12.4,6.0,1.7,4.3,0.385,1.3,3.3,40.0,1.3,1.7,0.8,0.0,2.0,2.0,0.7,0.0,0.0,1.0,0.3,-0.5,TBD
Chucky Hepburn,7.8033,14.7,4.0,1.5,4.5,0.333,1.0,4.0,25.0,0.0,0.0,0.0,0.5,1.0,1.5,4.0,1.5,1.5,0.0,4.0,9.0,TBD
Mohamed Diawara,7.7905,20.2,6.0,2.5,5.5,0.455,0.5,2.0,25.0,0.5,2.0,0.25,1.5,3.5,5.0,1.0,1.0,1.0,0.0,0.5,-0.5,TBD
Ty Brewer,7.6744,11.5,4.5,2.0,4.5,0.444,0.5,1.5,33.3,0.0,1.0,0.0,1.5,1.5,3.0,0.0,1.0,1.0,0.0,1.0,8.5,TBD
Ulrich Chomche,7.5745,21.0,9.5,3.0,5.5,0.545,0.0,0.0,0.0,3.5,5.0,0.7,2.5,2.5,5.0,1.5,0.0,3.0,1.5,2.0,9.0,TBD
Solomon Young,7.4367,4.7,6.0,2.0,3.0,0.667,1.0,2.0,50.0,1.0,2.0,0.5,1.0,0.0,1.0,0.0,0.0,0.0,0.0,0.0,-0.5,TBD
Robert Baker,7.3905,13.2,6.7,2.3,5.3,0.438,0.7,2.3,28.6,1.3,2.0,0.667,1.3,2.3,3.7,1.3,0.0,1.0,0.3,1.0,-0.5,TBD
Tyrell Harrison,7.3843,23.7,11.5,4.5,7.0,0.643,0.0,0.0,0.0,2.5,5.0,0.5,3.0,3.5,6.5,1.0,1.5,1.0,1.0,1.5,-0.5,TBD
Chibuzo Agbo,7.3567,5.9,2.5,1.0,1.5,0.667,0.5,1.0,50.0,0.0,0.0,0.0,0.0,0.5,0.5,0.0,0.0,0.0,0.0,0.5,9.0,TBD
Jamal Cain,7.35,18.0,6.5,3.0,6.0,0.5,0.5,2.5,20.0,0.0,0.0,0.0,1.0,2.0,3.0,0.5,0.0,0.0,0.0,1.5,8.5,TBD
Sean Pedulla,7.325,11.7,2.5,1.0,4.0,0.25,0.5,1.5,33.3,0.0,0.0,0.0,0.0,2.5,2.5,1.5,0.5,1.0,0.0,1.5,9.0,TBD
Maxwell Lewis,7.3194,16.0,6.3,2.0,7.7,0.261,0.7,3.0,22.2,1.7,2.0,0.833,1.3,1.0,2.3,1.7,1.0,0.3,0.7,2.7,-0.5,TBD
DaJaun Gordon,7.1782,13.3,3.0,1.0,5.5,0.182,1.0,3.0,33.3,0.0,0.0,0.0,2.0,1.5,3.5,0.5,1.0,1.5,0.0,2.0,-0.5,TBD
Max Abmas,7.1733,18.4,4.7,2.0,6.0,0.333,0.7,3.0,22.2,0.0,0.0,0.0,0.0,0.3,0.3,1.0,1.0,1.0,0.0,2.3,8.5,TBD
Mylik Wilson,7.15,15.3,5.3,2.3,4.7,0.5,0.3,2.0,16.7,0.3,0.3,1.0,1.0,1.7,2.7,2.0,0.7,2.7,0.0,3.0,9.0,TBD
Yuri Collins,7.124,25.4,9.7,3.7,8.3,0.44,0.0,1.0,0.0,2.3,2.3,1.0,0.7,2.3,3.0,5.0,3.0,1.0,0.3,2.3,-0.5,TBD
Boo Buie,7.05,7.3,5.0,1.0,2.5,0.4,0.5,1.5,33.3,2.5,2.5,1.0,0.0,1.5,1.5,0.5,0.5,0.0,0.0,0.0,9.0,TBD
Markquis Nowell,7.0331,18.1,3.7,1.0,4.3,0.231,0.7,3.0,22.2,1.0,1.7,0.6,0.3,1.3,1.7,6.3,1.7,1.0,0.3,1.7,-0.5,TBD
Olivier Nkamhoua,7.0329,12.1,3.5,1.5,3.5,0.429,0.5,1.5,33.3,0.0,0.0,0.0,1.0,0.5,1.5,1.0,1.0,0.0,0.0,0.5,8.5,TBD
Jalen Crutcher,6.9933,14.6,3.0,1.0,3.0,0.333,1.0,2.5,40.0,0.0,1.0,0.0,0.0,0.0,0.0,2.0,1.5,0.0,0.0,0.5,-0.5,TBD
Grant Nelson,6.98,12.9,4.5,1.5,2.5,0.6,0.5,1.5,33.3,1.0,1.0,1.0,1.0,1.0,2.0,1.5,1.5,0.0,0.0,3.0,-0.5,TBD
Jahmai Mashack,6.975,24.5,4.0,2.0,8.0,0.25,0.0,2.0,0.0,0.0,0.0,0.0,1.0,4.0,5.0,4.0,3.0,0.0,2.0,1.0,9.0,TBD
Hunter Maldonado,6.9655,13.3,4.0,1.7,3.7,0.455,0.7,2.3,28.6,0.0,0.3,0.0,0.7,0.3,1.0,0.7,0.0,1.3,0.3,1.3,9.0,TBD
Wooga Poplar,6.9566,14.9,6.0,1.5,4.5,0.333,0.5,2.5,20.0,2.5,3.0,0.833,0.0,1.0,1.0,0.5,1.0,0.0,0.0,1.0,8.5,TBD
Max Shulga,6.9456,22.6,6.0,1.7,6.0,0.278,0.3,3.0,11.1,2.3,3.0,0.778,0.0,1.3,1.3,4.3,0.3,1.7,0.3,3.7,-0.5,TBD
Biwali Bayles,6.93,2.8,1.5,0.5,1.0,0.5,0.5,1.0,50.0,0.0,0.0,0.0,0.0,0.0,0.0,0.5,0.0,0.5,0.5,1.0,9.0,TBD
MarJon Beauchamp,6.93,20.9,7.5,3.0,10.0,0.3,0.0,3.5,0.0,1.5,2.5,0.6,0.5,2.5,3.0,1.0,1.0,0.0,1.0,1.5,9.0,TBD
Joan Beringer,6.9245,22.3,9.0,3.5,4.5,0.778,0.0,0.0,0.0,2.0,3.0,0.667,4.0,3.5,7.5,2.0,0.5,1.0,3.5,2.0,-0.5,TBD
Tyler Burton,6.8967,16.1,7.0,2.5,6.0,0.417,0.5,3.0,16.7,1.5,2.0,0.75,1.0,3.5,4.5,1.5,1.0,0.5,0.5,0.5,-0.5,TBD
Sir'Jabari Rice,6.87,14.7,3.5,1.5,7.5,0.2,0.5,3.5,14.3,0.0,0.5,0.0,1.5,2.0,3.5,0.5,1.5,1.0,1.0,3.0,8.5,TBD
Jules Bernard,6.8473,18.7,8.0,3.0,11.0,0.273,0.0,2.0,0.0,2.0,2.0,1.0,2.0,2.0,4.0,2.0,0.0,0.0,0.0,2.0,8.5,TBD
AJ Johnson,6.8233,20.4,9.5,3.5,7.0,0.5,0.0,2.0,0.0,2.5,3.0,0.833,0.5,3.0,3.5,0.5,1.5,0.5,0.0,1.0,8.5,TBD
Kyle Mangas,6.7783,14.5,4.3,1.3,4.0,0.333,0.7,3.3,20.0,1.0,1.3,0.75,0.3,1.3,1.7,1.7,1.0,0.3,0.0,1.0,9.0,TBD
RJ Davis,6.7733,12.5,6.0,2.0,6.0,0.333,0.5,3.5,14.3,1.5,2.5,0.6,0.5,0.5,1.0,3.0,1.0,0.5,0.0,2.5,9.0,TBD
Matthew Cleveland,6.7213,14.7,4.3,1.7,5.3,0.313,0.3,1.3,25.0,0.7,0.7,1.0,2.3,1.7,4.0,0.7,1.3,0.0,0.7,1.7,-0.5,TBD
Isaiah Mobley,6.6381,23.1,3.5,0.5,7.5,0.067,0.0,3.5,0.0,2.5,3.5,0.714,1.0,4.5,5.5,2.5,4.0,0.0,0.5,4.0,-0.5,TBD
Cam Carter,6.55,7.2,5.0,2.0,4.0,0.5,1.0,3.0,33.3,0.0,0.0,0.0,0.0,3.0,3.0,2.0,1.0,0.0,0.0,1.0,-0.5,TBD
Zhuric Phelps,6.5486,13.5,4.5,2.0,7.0,0.286,0.5,3.0,16.7,0.0,1.5,0.0,0.5,1.0,1.5,2.0,0.5,0.5,1.0,1.0,8.5,TBD
Yanic Konan Niederhäuser,6.4629,24.1,4.3,2.0,4.7,0.429,0.0,0.7,0.0,0.3,0.7,0.5,1.0,4.0,5.0,0.0,1.7,2.0,1.7,3.0,8.5,TBD
Malik Williams,6.4456,9.0,4.3,1.7,3.0,0.556,0.3,1.3,25.0,0.7,1.7,0.4,0.7,1.7,2.3,0.7,0.3,0.3,0.3,1.7,8.5,TBD
Skal Labissiere,6.4117,16.7,7.0,2.5,6.0,0.417,0.0,1.0,0.0,2.0,2.0,1.0,1.5,2.0,3.5,2.0,1.5,0.0,1.5,4.5,9.0,TBD
Denver Jones,6.3922,14.2,6.0,2.0,9.0,0.222,0.0,5.0,0.0,2.0,4.0,0.5,2.0,2.0,4.0,0.0,1.0,1.0,0.0,2.0,9.0,TBD
Hunter Sallis,6.3443,27.1,5.0,1.5,8.5,0.176,0.0,2.5,0.0,2.0,3.0,0.667,0.0,3.0,3.0,2.5,1.0,1.5,1.0,1.5,-0.5,TBD
Nell Joseph,6.3263,17.3,6.0,3.0,5.3,0.563,0.0,0.3,0.0,0.0,0.7,0.0,2.7,3.7,6.3,2.3,0.7,1.0,1.7,2.7,9.0,TBD
Mark Armstrong,6.2944,7.5,5.0,2.0,4.5,0.444,0.5,2.0,25.0,0.5,1.0,0.5,0.5,0.5,1.0,1.0,1.0,0.5,0.0,0.5,9.0,TBD
Osayi Osifo,6.2533,19.0,7.7,3.7,5.0,0.733,0.0,0.0,0.0,0.3,0.3,1.0,1.0,3.7,4.7,1.0,0.0,0.3,1.3,4.3,8.5,TBD
Leopold Delaunay,6.24,16.9,6.0,3.0,6.0,0.5,0.0,2.0,0.0,0.0,0.0,0.0,0.0,7.0,7.0,1.0,2.0,0.0,0.0,2.0,9.0,TBD
Reece Beekman,6.22,19.9,5.5,1.5,5.0,0.3,0.0,0.5,0.0,2.5,2.5,1.0,0.0,1.5,1.5,8.0,2.0,1.5,0.0,0.5,8.5,TBD
Lawson Lovering,6.0183,16.6,6.0,2.5,3.0,0.833,0.0,0.0,0.0,1.0,4.0,0.25,2.5,2.5,5.0,0.5,1.5,0.0,0.5,4.5,9.0,TBD
Adem Bona,5.9567,19.1,7.0,3.5,7.5,0.467,0.0,0.5,0.0,0.0,0.0,0.0,3.5,2.0,5.5,1.0,3.0,1.5,2.5,3.0,-0.5,TBD
Cam Matthews,5.88,25.9,2.3,1.0,4.0,0.25,0.0,1.0,0.0,0.3,1.3,0.25,1.3,2.7,4.0,1.7,0.7,1.0,0.3,2.3,8.5,TBD
Amari Williams,5.7733,18.8,5.5,1.5,2.5,0.6,0.0,0.0,0.0,2.5,3.0,0.833,0.5,2.5,3.0,1.5,2.0,0.5,1.0,2.5,9.0,TBD
Kylor Kelley,5.6933,20.6,2.0,1.0,3.0,0.333,0.0,0.0,0.0,0.0,0.0,0.0,1.5,5.0,6.5,0.0,3.5,0.5,0.5,4.0,8.5,TBD
TJ Bamba,5.6777,15.9,2.5,0.5,6.5,0.077,0.5,3.5,14.3,1.0,2.0,0.5,1.5,1.0,2.5,1.0,0.5,1.0,0.0,2.5,-0.5,TBD
N'Faly Dante,5.5592,15.8,6.7,3.0,4.3,0.692,0.0,0.0,0.0,0.7,1.3,0.5,2.0,1.0,3.0,1.3,0.7,0.7,1.7,3.7,8.5,TBD
Chris Manon,5.4956,16.0,6.5,2.0,5.0,0.4,0.0,1.0,0.0,2.5,4.5,0.556,1.5,2.5,4.0,1.5,2.0,0.5,2.0,3.0,-0.5,TBD
Dawson Garcia,5.3267,13.6,4.0,2.0,3.0,0.667,0.0,1.0,0.0,0.0,0.0,0.0,2.0,3.0,5.0,1.0,2.0,0.0,1.0,6.0,9.0,TBD
Blake Hinson,5.3054,10.9,3.5,1.0,6.5,0.154,0.5,5.0,10.0,1.0,1.0,1.0,0.0,0.5,0.5,0.5,1.0,0.0,0.5,0.5,9.0,TBD
DJ Carton,5.2944,15.0,4.5,2.0,4.5,0.444,0.0,2.0,0.0,0.5,1.0,0.5,1.5,3.0,4.5,1.0,1.5,0.5,0.0,1.5,9.0,TBD
Darius Brown,5.29,16.0,4.5,1.0,2.5,0.4,0.0,1.0,0.0,2.5,2.5,1.0,0.0,2.5,2.5,3.5,1.5,1.0,0.0,1.5,9.0,TBD
Steven Ashworth,5.2833,6.9,2.7,0.7,2.0,0.333,0.3,1.7,20.0,1.0,1.0,1.0,0.0,0.3,0.3,1.3,2.7,0.3,0.0,1.3,9.0,TBD
Warith Alatishe,5.2367,17.7,4.5,2.0,3.0,0.667,0.0,0.0,0.0,0.5,1.0,0.5,2.5,2.0,4.5,1.0,0.5,0.5,2.5,0.5,8.5,TBD
Jesse Edwards,5.2357,14.5,7.5,3.0,3.5,0.857,0.0,0.0,0.0,1.5,3.0,0.5,0.5,1.5,2.0,0.5,0.5,0.5,0.5,3.0,9.0,TBD
Nate Hinton,5.16,11.5,1.5,0.5,5.0,0.1,0.5,2.5,20.0,0.0,0.0,0.0,1.0,2.0,3.0,0.0,0.0,0.5,0.5,3.5,-0.5,TBD
Ben Saraf,5.1544,19.3,5.0,1.5,5.0,0.3,0.0,1.5,0.0,2.0,4.5,0.444,0.5,1.0,1.5,4.0,3.0,0.5,0.0,2.0,-0.5,TBD
Sion James,5.1414,17.8,5.5,2.0,5.5,0.364,0.0,2.5,0.0,1.5,2.0,0.75,1.0,2.5,3.5,3.0,1.0,0.5,0.5,2.0,-0.5,TBD
Kobe Johnson,5.0844,13.9,5.0,2.0,4.5,0.444,0.0,1.0,0.0,1.0,2.0,0.5,1.5,2.0,3.5,0.0,2.5,1.5,0.0,1.0,8.5,TBD
Great Osobor,5.0605,12.8,4.0,1.7,3.7,0.455,0.0,0.3,0.0,0.7,2.7,0.25,1.7,3.3,5.0,1.0,1.0,0.7,0.3,2.0,9.0,TBD
Dain Dainja,4.9533,13.2,5.0,2.0,4.0,0.5,0.0,0.0,0.0,1.0,3.0,0.333,1.0,2.0,3.0,1.0,2.0,0.0,0.0,3.0,8.5,TBD
Moussa Cisse,4.89,15.1,4.7,2.3,4.7,0.5,0.0,0.0,0.0,0.0,0.0,0.0,2.7,1.3,4.0,0.0,0.3,1.0,1.3,2.0,9.0,TBD
Isaiah Wong,4.8473,12.3,3.0,1.0,3.7,0.273,0.3,1.7,20.0,0.7,0.7,1.0,0.0,0.3,0.3,0.7,1.0,0.7,0.0,1.3,-0.5,TBD
Jaylin Williams,4.7867,18.2,4.0,1.0,6.0,0.167,0.0,1.0,0.0,2.0,2.0,1.0,1.0,4.0,5.0,1.0,1.0,1.0,0.0,0.0,-0.5,TBD
John Poulakidas,4.7414,11.8,2.3,1.0,4.7,0.214,0.3,3.3,10.0,0.0,0.3,0.0,0.0,1.0,1.0,1.0,0.0,0.7,0.0,1.3,8.5,TBD
Jalen Hood-Schifino,4.66,21.1,0.0,0.0,4.0,0.0,0.0,1.0,0.0,0.0,0.0,0.0,1.0,1.0,2.0,0.0,1.0,1.0,0.0,6.0,8.5,TBD
John Ukomadu,4.65,15.5,1.0,0.0,4.0,0.0,0.0,3.0,0.0,1.0,2.0,0.5,1.0,1.0,2.0,0.0,1.0,0.0,1.0,5.0,8.5,TBD
Emanuel Miller,4.57,16.8,7.0,2.0,5.0,0.4,0.0,2.0,0.0,3.0,3.0,1.0,0.0,0.0,0.0,1.0,1.0,1.0,1.0,2.0,-0.5,TBD
Jamarion Sharp,4.505,17.4,2.3,1.0,1.3,0.75,0.0,0.0,0.0,0.3,0.7,0.5,1.7,2.3,4.0,0.0,1.0,0.3,1.3,1.7,8.5,TBD
Anton Watson,4.465,6.9,1.5,0.5,2.0,0.25,0.5,2.0,25.0,0.0,0.0,0.0,1.5,0.5,2.0,1.0,0.5,0.0,0.0,1.0,-0.5,TBD
Jamir Watkins,4.4083,16.0,4.5,1.0,4.0,0.25,0.0,2.0,0.0,2.5,3.0,0.833,1.0,1.5,2.5,0.5,0.0,2.5,0.0,2.5,-0.5,TBD
Vladislav Goldin,4.3804,14.4,7.0,2.5,3.0,0.833,0.0,0.0,0.0,2.0,3.5,0.571,0.5,2.5,3.0,0.5,2.5,0.0,0.0,1.5,-0.5,TBD
CJ Huntley,4.38,14.7,2.7,1.3,3.3,0.4,0.0,1.0,0.0,0.0,0.0,0.0,1.0,2.3,3.3,0.7,1.3,0.7,0.3,2.3,8.5,TBD
TY Johnson,4.34,14.4,0.0,0.0,5.0,0.0,0.0,2.0,0.0,0.0,0.0,0.0,0.5,3.5,4.0,2.0,0.0,0.0,1.0,2.0,9.0,TBD
Trey Alexander,4.3075,16.2,2.5,0.5,4.0,0.125,0.0,1.0,0.0,1.5,2.0,0.75,0.0,1.0,1.0,1.0,1.5,0.0,0.0,1.0,9.0,TBD
Adama Sanogo,4.28,10.9,3.3,1.3,1.7,0.8,0.0,0.0,0.0,0.7,0.7,1.0,1.7,2.7,4.3,2.3,0.0,0.7,0.7,1.0,9.0,TBD
Jameer Nelson Jr.,4.2633,11.6,4.3,1.0,3.0,0.333,0.0,1.0,0.0,2.3,2.3,1.0,0.0,0.7,0.7,2.0,1.7,1.0,0.0,0.7,9.0,TBD
Hason Ward,4.2275,12.9,7.0,3.5,4.0,0.875,0.0,0.0,0.0,0.0,0.0,0.0,1.5,2.0,3.5,2.0,1.0,0.5,0.5,3.5,-0.5,TBD
Donovan Williams,4.225,13.0,3.0,1.0,4.0,0.25,0.0,1.0,0.0,1.0,2.0,0.5,2.0,3.0,5.0,1.0,0.0,2.0,3.0,1.0,-0.5,TBD
Marcus Williams,4.1925,13.8,1.0,0.5,4.0,0.125,0.0,2.0,0.0,0.0,0.0,0.0,0.5,1.5,2.0,2.5,2.0,0.5,1.5,1.5,8.5,TBD
Keyontae Johnson,4.1733,12.4,3.0,1.0,3.0,0.333,0.0,1.0,0.0,1.0,2.0,0.5,1.0,1.0,2.0,2.0,0.0,0.0,0.0,3.0,8.5,TBD
Damion Baugh,4.1458,13.7,3.0,1.3,4.3,0.308,0.0,1.0,0.0,0.3,1.3,0.25,0.3,1.0,1.3,1.3,1.0,1.0,0.3,1.3,8.5,TBD
T.J. Bickerstaff,4.07,17.2,0.0,0.0,4.0,0.0,0.0,0.0,0.0,0.0,0.0,0.0,3.0,4.0,7.0,2.0,1.0,2.0,0.0,1.0,-0.5,TBD
Miller Kopp,4.07,11.0,1.5,0.5,2.5,0.2,0.5,2.5,20.0,0.0,0.0,0.0,0.0,0.0,0.0,0.0,0.0,0.0,0.0,2.5,-0.5,TBD
Christian Shumate,3.82,13.2,2.0,1.0,2.0,0.5,0.0,0.0,0.0,0.0,0.0,0.0,2.0,1.0,3.0,1.0,2.0,1.0,0.0,1.0,8.5,TBD
Jabri Abdur-Rahim,3.6767,7.1,2.0,0.0,4.0,0.0,0.0,4.0,0.0,2.0,3.0,0.667,0.0,1.0,1.0,1.0,0.0,0.0,0.0,2.0,9.0,TBD
Dylan Cardwell,3.64,11.4,1.7,0.7,1.3,0.5,0.0,0.0,0.0,0.3,0.7,0.5,1.0,2.3,3.3,0.3,1.0,0.0,0.7,1.7,9.0,TBD
Kadin Shedrick,3.63,11.3,4.0,1.0,3.0,0.333,0.0,0.5,0.0,2.0,3.0,0.667,2.0,0.0,2.0,1.0,0.0,1.5,1.0,3.5,-0.5,TBD
William Hickey,3.6,4.5,4.0,0.0,1.0,0.0,0.0,0.0,0.0,4.0,4.0,1.0,2.0,1.0,3.0,0.0,1.0,0.0,0.0,2.0,8.5,TBD
Aaron Estrada,3.53,11.8,4.0,2.0,4.0,0.5,0.0,0.5,0.0,0.0,0.0,0.0,0.0,0.5,0.5,1.0,1.5,0.0,0.5,0.0,8.5,TBD
Jeremy Jones,3.5225,13.1,1.0,0.5,4.0,0.125,0.0,3.0,0.0,0.0,0.0,0.0,0.5,1.0,1.5,0.5,0.5,0.5,0.0,0.0,9.0,TBD
Hunter Dickinson,3.4533,12.1,3.5,1.5,2.5,0.6,0.0,0.5,0.0,0.5,1.5,0.333,0.5,2.0,2.5,1.5,1.5,0.5,1.5,2.0,-0.5,TBD
Andrew Carr,3.45,10.1,2.0,1.0,2.5,0.4,0.0,1.0,0.0,0.0,0.0,0.0,0.5,2.5,3.0,0.5,0.5,0.0,0.5,1.0,9.0,TBD
David Muoka,3.3667,12.6,4.0,1.7,3.3,0.5,0.0,0.0,0.0,0.7,1.0,0.667,1.3,2.0,3.3,0.7,0.7,0.7,0.3,0.7,-0.5,TBD
Marques Bolden,3.35,9.0,2.0,0.0,3.0,0.0,0.0,2.0,0.0,2.0,2.0,1.0,1.0,0.0,1.0,0.0,0.0,0.0,1.0,1.0,8.5,TBD
Luka Scuka,3.1778,9.5,3.0,0.5,4.5,0.111,0.0,2.5,0.0,2.0,3.0,0.667,1.0,1.0,2.0,0.5,0.0,0.0,0.0,2.0,-0.5,TBD
Steve Settle III,3.13,12.8,0.0,0.0,2.0,0.0,0.0,0.0,0.0,0.0,0.0,0.0,0.0,1.0,1.0,0.0,2.0,1.0,0.0,3.0,8.5,TBD
Rocco Zikarsky,3.125,6.5,3.0,1.5,2.0,0.75,0.0,0.0,0.0,0.0,0.0,0.0,1.0,1.5,2.5,0.5,0.5,0.5,0.5,1.5,9.0,TBD
Cameron Brown,3.1,13.0,0.0,0.0,1.0,0.0,0.0,0.5,0.0,0.0,0.0,0.0,0.0,2.0,2.0,0.5,0.0,1.0,0.5,1.5,9.0,TBD
Moses Brown,3.0967,4.9,2.0,0.3,0.7,0.5,0.0,0.0,0.0,1.3,2.0,0.667,1.7,2.0,3.7,0.3,0.3,0.3,0.0,1.3,9.0,TBD
Zack Austin,3.07,10.2,2.0,0.0,2.0,0.0,0.0,2.0,0.0,2.0,2.0,1.0,0.0,0.0,0.0,0.0,0.0,1.0,0.0,0.0,8.5,TBD
Trey Jemison III,3.05,10.5,1.0,0.5,0.5,1.0,0.0,0.0,0.0,0.0,0.0,0.0,0.5,1.5,2.0,1.0,1.5,0.5,0.0,1.5,8.5,TBD
Chase Hunter,3.0311,12.2,1.0,0.5,4.5,0.111,0.0,2.0,0.0,0.0,0.0,0.0,0.5,2.0,2.5,1.0,2.5,0.5,0.0,1.5,-0.5,TBD
Jaden Springer,2.93,16.8,0.0,0.0,2.0,0.0,0.0,1.0,0.0,0.0,0.0,0.0,1.0,2.0,3.0,1.0,1.0,0.0,0.0,2.0,-0.5,TBD
Quincy Guerrier,2.84,6.4,4.0,1.0,1.0,1.0,0.0,0.0,0.0,2.0,2.0,1.0,0.0,0.0,0.0,0.0,0.0,0.0,0.0,1.0,9.0,TBD
James Nnaji,2.7867,10.2,3.0,0.5,0.5,1.0,0.0,0.0,0.0,2.0,3.0,0.667,0.0,0.5,0.5,0.0,1.0,1.5,0.5,3.5,-0.5,TBD
Isaac Nogues,2.72,10.2,0.0,0.0,1.0,0.0,0.0,1.0,0.0,0.0,0.0,0.0,1.0,0.0,1.0,1.0,0.0,1.0,0.0,2.0,9.0,TBD
Jon Elmore,2.7,11.5,2.0,0.0,2.0,0.0,0.0,2.0,0.0,2.0,2.0,1.0,0.0,1.0,1.0,1.0,1.0,0.0,0.0,1.0,-0.5,TBD
Jalen Slawson,2.69,14.4,0.0,0.0,1.0,0.0,0.0,0.0,0.0,0.0,0.0,0.0,0.0,1.0,1.0,2.0,4.0,2.0,2.0,0.0,-0.5,TBD
Brandon Angel,2.68,7.8,2.0,1.0,2.0,0.5,0.0,1.0,0.0,0.0,0.0,0.0,0.0,1.0,1.0,0.0,0.0,0.5,0.0,1.5,8.5,TBD
Dillon Jones,2.67,8.7,0.0,0.0,2.0,0.0,0.0,2.0,0.0,0.0,0.0,0.0,0.0,1.0,1.0,0.0,1.0,0.0,0.0,2.0,9.0,TBD
Buddy Boeheim,2.65,8.5,0.0,0.0,3.5,0.0,0.0,3.5,0.0,0.0,0.0,0.0,0.0,0.5,0.5,0.5,0.0,0.0,0.0,0.5,9.0,TBD
Nate Santos,2.63,6.8,0.0,0.0,1.5,0.0,0.0,1.0,0.0,0.0,0.0,0.0,0.0,2.5,2.5,0.5,1.0,0.5,0.0,1.0,9.0,TBD
Erik Reynolds II,2.62,8.3,2.0,1.0,2.5,0.4,0.0,1.5,0.0,0.0,0.5,0.0,0.0,0.0,0.0,0.0,0.5,0.0,0.0,0.5,9.0,TBD
Jordan Gainey,2.59,5.9,2.0,0.5,0.5,1.0,0.0,0.0,0.0,1.0,1.0,1.0,0.0,1.0,1.0,1.0,0.0,0.5,0.5,0.0,9.0,TBD
Jaxson Robinson,2.54,9.9,0.0,0.0,2.0,0.0,0.0,2.0,0.0,0.0,0.0,0.0,0.0,0.0,0.0,1.0,0.5,0.0,0.0,1.0,9.0,TBD
Stefan Todorovic,2.52,6.7,1.0,0.0,2.0,0.0,0.0,0.0,0.0,1.0,2.0,0.5,0.0,1.0,1.0,0.0,1.0,0.0,0.0,0.0,9.0,TBD
Ibrahima Diallo,2.4533,7.9,1.3,0.3,1.0,0.333,0.0,0.0,0.0,0.7,1.3,0.5,0.7,3.0,3.7,1.0,1.3,0.0,1.0,1.0,-0.5,TBD
Clifford Omoruyi,2.45,4.5,2.0,0.0,0.0,0.0,0.0,0.0,0.0,2.0,4.0,0.5,0.0,0.0,0.0,1.0,0.0,0.0,1.0,1.0,8.5,TBD
Josiah-Jordan James,2.395,12.2,2.0,1.0,4.0,0.25,0.0,1.0,0.0,0.0,0.0,0.0,0.0,0.0,0.0,1.0,2.0,1.0,0.0,0.0,-0.5,TBD
Landers Nolley II,2.33,5.8,2.0,0.0,0.0,0.0,0.0,0.0,0.0,2.0,2.0,1.0,0.0,0.0,0.0,2.0,0.0,0.0,0.0,0.0,8.5,TBD
Dwight Murray Jr.,2.23,9.8,3.0,1.5,3.0,0.5,0.0,0.0,0.0,0.0,0.0,0.0,0.0,0.5,0.5,2.5,1.0,0.0,0.0,0.5,-0.5,TBD
Saint Thomas,2.19,4.4,2.0,1.0,2.0,0.5,0.0,0.5,0.0,0.0,0.0,0.0,0.5,0.5,1.0,0.0,0.0,0.0,0.0,0.5,9.0,TBD
Aaron Scott,2.18,5.3,0.0,0.0,3.0,0.0,0.0,3.0,0.0,0.0,0.0,0.0,0.0,0.0,0.0,0.0,1.0,1.0,0.0,0.0,8.5,TBD
Julian Reese,2.17,7.7,1.0,0.0,1.0,0.0,0.0,0.0,0.0,1.0,2.0,0.5,1.0,1.0,2.0,1.0,2.0,0.0,0.0,2.0,-0.5,TBD
Selton Miguel,2.1233,4.9,1.0,0.5,1.5,0.333,0.0,0.5,0.0,0.0,0.0,0.0,0.0,1.5,1.5,0.0,0.5,0.0,0.0,0.5,8.5,TBD
Aliou Diarra,2.105,1.8,3.0,0.0,0.0,0.0,0.0,0.0,0.0,3.0,4.0,0.75,0.0,0.0,0.0,0.0,0.0,0.0,0.0,0.0,8.5,TBD
Wade Taylor IV,2.08,5.8,0.0,0.0,1.0,0.0,0.0,1.0,0.0,0.0,0.0,0.0,0.0,0.0,0.0,1.0,1.0,0.0,0.0,2.0,9.0,TBD
Mitch Mascari,2.03,5.8,0.0,0.0,2.0,0.0,0.0,2.0,0.0,0.0,0.0,0.0,0.0,0.0,0.0,1.0,0.0,0.0,0.0,1.0,8.5,TBD
Jarkel Joiner,2.0,4.5,4.0,2.0,2.0,1.0,0.0,0.0,0.0,0.0,1.0,0.0,0.0,2.0,2.0,1.0,0.0,0.0,0.0,1.0,-0.5,TBD
Jamiya Neal,1.9,4.0,0.0,0.0,2.0,0.0,0.0,2.0,0.0,0.0,0.0,0.0,0.0,1.0,1.0,0.0,0.0,0.0,0.0,0.0,9.0,TBD
James Banks III,1.86,5.6,0.0,0.0,1.0,0.0,0.0,0.0,0.0,0.0,0.0,0.0,1.0,0.0,1.0,0.0,1.0,0.0,0.0,0.0,9.0,TBD
Tyson Degenhart,1.85,4.5,0.0,0.0,0.0,0.0,0.0,0.0,0.0,0.0,0.0,0.0,0.0,1.0,1.0,0.0,0.0,0.0,0.0,3.0,9.0,TBD
D'Andre Davis,1.84,3.4,2.0,1.0,2.0,0.5,0.0,1.0,0.0,0.0,0.0,0.0,0.0,0.0,0.0,0.0,0.0,0.0,0.0,0.0,8.5,TBD
James Caron Butler Jr.,1.79,4.4,0.0,0.0,1.0,0.0,0.0,1.0,0.0,0.0,0.0,0.0,0.0,0.0,0.0,0.0,0.0,3.0,0.0,0.0,8.5,TBD
Steve Crowl,1.77,5.7,0.0,0.0,0.0,0.0,0.0,0.0,0.0,0.0,0.0,0.0,1.0,0.0,1.0,0.0,1.0,0.0,0.0,0.0,9.0,TBD
Patrick McCaffery,1.7,6.5,0.0,0.0,0.0,0.0,0.0,0.0,0.0,0.0,0.0,0.0,0.0,0.0,0.0,1.0,0.0,0.0,0.0,1.0,8.5,TBD
Nathan Mensah,1.65,7.0,0.0,0.0,1.0,0.0,0.0,0.0,0.0,0.0,0.0,0.0,1.0,1.0,2.0,0.0,1.0,0.0,0.0,4.0,-0.5,TBD
Jaden Akins,1.65,4.0,0.0,0.0,1.0,0.0,0.0,1.0,0.0,0.0,0.0,0.0,0.0,0.0,0.0,1.0,1.0,0.0,0.0,0.0,8.5,TBD
Izan Almansa,1.54,4.4,3.0,1.0,1.0,1.0,0.0,0.0,0.0,1.0,1.0,1.0,0.0,0.5,0.5,0.0,0.5,0.5,0.0,0.5,-0.5,TBD
Romeo Weems,1.53,3.8,0.0,0.0,1.0,0.0,0.0,1.0,0.0,0.0,0.0,0.0,0.0,0.0,0.0,0.0,0.0,0.0,0.0,1.0,8.5,TBD
Justin McKoy,1.525,5.5,1.5,0.0,1.5,0.0,0.0,1.0,0.0,1.5,2.0,0.75,0.0,0.5,0.5,0.0,0.0,0.5,0.0,0.5,-0.5,TBD
Noah Farrakhan,1.49,3.9,0.0,0.0,0.0,0.0,0.0,0.0,0.0,0.0,0.0,0.0,0.0,0.0,0.0,0.0,0.0,0.0,0.0,2.0,9.0,TBD
Kerwin Walton,1.41,3.1,0.0,0.0,1.0,0.0,0.0,1.0,0.0,0.0,0.0,0.0,0.0,0.0,0.0,0.0,0.0,0.0,0.0,0.5,8.5,TBD
Hayden Gray,1.29,1.9,0.0,0.0,0.0,0.0,0.0,0.0,0.0,0.0,0.0,0.0,0.0,0.0,0.0,0.0,1.0,0.0,0.0,1.0,9.0,TBD
Ben Gregg,1.24,1.9,0.0,0.0,0.0,0.0,0.0,0.0,0.0,0.0,0.0,0.0,1.0,0.0,1.0,0.0,0.0,0.0,0.0,0.0,8.5,TBD
Liam Robbins,1.14,5.9,0.0,0.0,1.5,0.0,0.0,1.0,0.0,0.0,0.0,0.0,0.0,0.5,0.5,0.5,1.0,0.0,0.0,1.0,-0.5,TBD
Yudai Baba,1.1367,2.2,2.5,1.0,1.5,0.667,0.0,0.0,0.0,0.5,1.0,0.5,1.0,0.0,1.0,0.0,0.0,0.0,0.0,0.0,-0.5,TBD
Cesare Edwards,1.07,4.2,0.0,0.0,1.0,0.0,0.0,1.0,0.0,0.0,0.0,0.0,0.0,1.0,1.0,1.0,0.0,0.0,1.0,1.0,-0.5,TBD
J'Wan Roberts,1.03,7.8,0.0,0.0,1.0,0.0,0.0,0.0,0.0,0.0,0.0,0.0,1.0,0.0,1.0,0.0,0.0,0.0,0.0,0.0,-0.5,TBD
Josh Uduje,0.88,6.3,0.0,0.0,1.0,0.0,0.0,0.0,0.0,0.0,0.0,0.0,0.0,0.0,0.0,1.0,1.0,0.0,0.0,0.0,-0.5,TBD
Josh Oduro,0.69,3.4,0.0,0.0,0.0,0.0,0.0,0.0,0.0,0.0,0.0,0.0,0.0,0.0,0.0,1.0,0.0,0.0,0.0,3.0,-0.5,TBD
Dajuan Harris Jr.,0.59,3.4,0.0,0.0,0.0,0.0,0.0,0.0,0.0,0.0,0.0,0.0,0.0,1.0,1.0,0.0,0.0,0.0,1.0,0.0,-0.5,TBD
Keisei Tominaga,0.53,1.8,0.0,0.0,1.0,0.0,0.0,1.0,0.0,0.0,0.0,0.0,0.0,0.0,0.0,0.0,0.0,0.0,1.0,1.0,-0.5,TBD
Lance Ware,0.44,2.4,0.0,0.0,0.5,0.0,0.0,0.0,0.0,0.0,1.0,0.0,0.5,0.0,0.5,0.0,0.0,0.0,0.0,0.0,-0.5,TBD
Zach Hicks,0.44,1.9,0.0,0.0,1.0,0.0,0.0,1.0,0.0,0.0,0.0,0.0,0.0,0.0,0.0,0.0,0.0,0.0,0.0,1.0,-0.5,TBD
Efton Reid III,0.18,1.3,0.0,0.0,1.0,0.0,0.0,0.0,0.0,0.0,0.0,0.0,0.0,0.0,0.0,0.0,0.0,0.0,0.0,0.0,-0.5,TBD
